template_id,segment_id,segment_name,lifecycle_stage,phase_number,phase_name,day_range,primary_goal,theme,tone,title_en,body_en,cta_en,title_hi,body_hi,cta_hi,hook_type,format_type,feature_ref,iteration,ctr,engagement_rate,uninstall_rate,theme_samples,performance_status,source_template_id
TPL_SEG_01_PREMIUM_AFFIRMATION_01,SEG_01,High-Active Power Users,paid,4,Premium Affirmation,Days 8–10,Increase exercise completion rate by 20% within the first week post-conversion,Epic Meaning,Motivational,Boost Your Streak Today!,Complete today's session to keep your streak alive.,Open Now,आज के सत्र में अपनी स्ट्रीक बढ़ाएं!,आज का सत्र पूरा करने से आपकी स्ट्रीक जीवित रहेगी।,अब खोलें,Epic Meaning,challenge,general,1,0.174,0.466,0.0076,5,GOOD,TPL_SEG_01_PREMIUM_AFFIRMATION_01
TPL_SEG_01_PREMIUM_AFFIRMATION_02,SEG_01,High-Active Power Users,paid,4,Premium Affirmation,Days 8–10,Increase exercise completion rate by 20% within the first week post-conversion,Epic Meaning,Motivational,Ready to Beat Yesterday?,Your last score was 72. Can you top it in 5 minutes today?,Start Now,आज को पिछले दिन से बेहतर बनाएं!,आपकी पिछली रेटिंग 72 थी। आज के 5 मिनट में इसे बढ़ा सकते हैं?,शुरू करें,Epic Meaning,question_hook,general,1,0.174,0.466,0.0076,5,GOOD,TPL_SEG_01_PREMIUM_AFFIRMATION_02
TPL_SEG_01_PREMIUM_AFFIRMATION_03,SEG_01,High-Active Power Users,paid,4,Premium Affirmation,Days 8–10,Increase exercise completion rate by 20% within the first week post-conversion,Epic Meaning,Motivational,Your Progress Matters,"5 lessons completed, 50 coins waiting to be spent.",Redeem Now,आपकी प्रगति महत्वपूर्ण है!,आठ सत्र पूरे करने के बाद आपको 50 सिक्के मिलेंगे। इन्हें अब खरीदें।,अब खरीदें,Epic Meaning,social_proof,coins,1,0.174,0.466,0.0076,5,GOOD,TPL_SEG_01_PREMIUM_AFFIRMATION_03
TPL_SEG_01_PREMIUM_AFFIRMATION_04,SEG_01,High-Active Power Users,paid,4,Premium Affirmation,Days 8–10,Increase exercise completion rate by 20% within the first week post-conversion,Epic Meaning,Motivational,Unlock Your Next Badge,"Day 5 challenge unlocked, tackle today's session.",Tackle Now,आगे की बैज को लॉक करें!,"आठवें दिन का चैलेंज खुल गया, आज के सत्र पर ध्यान दें।",अब हमला करें,Epic Meaning,challenge,badge,1,0.174,0.466,0.0076,5,GOOD,TPL_SEG_01_PREMIUM_AFFIRMATION_04
TPL_SEG_01_PREMIUM_AFFIRMATION_05,SEG_01,High-Active Power Users,paid,4,Premium Affirmation,Days 8–10,Increase exercise completion rate by 20% within the first week post-conversion,Epic Meaning,Motivational,Tip: Boost Your Progress,"10 minutes daily beats 2 hours weekly, start now.",Start Now,टिप: प्रगति बढ़ाएं!,"दिन में 10 मिनट से ही दो घंटे की तुलना में बेहतर रहें, अब शुरू करें।",अब शुरू करें,Epic Meaning,insight_tip,progress,1,0.174,0.466,0.0076,5,GOOD,TPL_SEG_01_PREMIUM_AFFIRMATION_05
TPL_SEG_01_DEEP_IMMERSION_01,SEG_01,High-Active Power Users,paid,5,Deep Immersion,Days 11–15,Increase exercise completion rate by 20% within the next 7 days,Empowerment,Friendly,Boost Your Streak Today,3 minutes to keep your streak alive. Open now!,Start Session,आज स्ट्रीक को बढ़ाएं,3 मिनट में अपने स्ट्रीक को जीवित रखें। अब खोलें!,सेशन शुरू करें,Epic Meaning,direct_cta,general,1,0.175,0.47500000000000003,0.00775,4,GOOD,TPL_SEG_01_DEEP_IMMERSION_01
TPL_SEG_01_DEEP_IMMERSION_02,SEG_01,High-Active Power Users,paid,5,Deep Immersion,Days 11–15,Increase exercise completion rate by 20% within the next 7 days,Empowerment,Friendly,Ready to Beat Yesterday?,Your last score was 72. Can you top it in 5 minutes today?,Try Now,आज को पिछले स्कोर से आगे ले जाएं,आपका अंतिम स्कोर 72 था। आज 5 मिनट में इसे पार कर सकते हैं?,अब आजमाएं,Empowerment,question_hook,insight_tip,1,0.175,0.47500000000000003,0.00775,4,GOOD,TPL_SEG_01_DEEP_IMMERSION_02
TPL_SEG_01_DEEP_IMMERSION_03,SEG_01,High-Active Power Users,paid,5,Deep Immersion,Days 11–15,Increase exercise completion rate by 20% within the next 7 days,Empowerment,Friendly,"1,400 Learners Practiced Today",Don't fall behind — your peers are moving forward. Join them now.,Join Now,आज 1400 लोगों ने अभ्यास किया है,अपने साथी को पीछे नहीं छोड़ें — आपके दोस्त आगे बढ़ रहे हैं। उन्हें अब शामिल करें!,अब शुरू करें,Empowerment,social_proof,challenge,1,0.175,0.47500000000000003,0.00775,4,GOOD,TPL_SEG_01_DEEP_IMMERSION_03
TPL_SEG_01_DEEP_IMMERSION_04,SEG_01,High-Active Power Users,paid,5,Deep Immersion,Days 11–15,Increase exercise completion rate by 20% within the next 7 days,Empowerment,Friendly,Tip: 10 min daily beats 2 hr weekly,Consistency builds fluency. One short session now keeps progress compounding.,Start Session,सुझाव: दैनिक 10 मिनट अधिक से अधिक हफ्ते की तुलना में 2 घंटे से अधिक,निरंतरता भाषण की fluency बनाती है। एक छोटी सी सेशन अब प्रगति जोड़ती है!,सेशन शुरू करें,Empowerment,insight_tip,challenge,1,0.175,0.47500000000000003,0.00775,4,GOOD,TPL_SEG_01_DEEP_IMMERSION_04
TPL_SEG_01_DEEP_IMMERSION_05,SEG_01,High-Active Power Users,paid,5,Deep Immersion,Days 11–15,Increase exercise completion rate by 20% within the next 7 days,Empowerment,Friendly,Day 5 Challenge Unlocked,You're on a roll — tackle today's challenge to unlock your next badge.,Take On Challenge,दिन 5 चुनौती खुल गई है,आप तेजी से चल रहे हैं — आज की चुनौती को पार करने पर अगला बैज खोजें!,चुनौती लें,Empowerment,challenge,general,1,0.175,0.47500000000000003,0.00775,4,GOOD,TPL_SEG_01_DEEP_IMMERSION_05
TPL_SEG_01_SOCIAL___EXPANSION_DRIVE_01,SEG_01,High-Active Power Users,paid,6,Social & Expansion Drive,Days 16–20,Increase Monthly Retention by 10% through Social Accountability and Referral Programs,Epic Meaning,Motivational,Unlock Your Potential,Complete today's session to boost your streak and progress.,Start Now,अपने संभावनाओं को खोलें,आज की सत्र को पूरा करने से आपकी स्ट्रीक और प्रगति बढ़ेगी।,शुरू करें,Epic Meaning,direct_cta,general,1,0.174,0.466,0.0076,5,GOOD,TPL_SEG_01_SOCIAL___EXPANSION_DRIVE_01
TPL_SEG_01_SOCIAL___EXPANSION_DRIVE_02,SEG_01,High-Active Power Users,paid,6,Social & Expansion Drive,Days 16–20,Increase Monthly Retention by 10% through Social Accountability and Referral Programs,Epic Meaning,Motivational,Ready to Beat Yesterday?,Your last score was 72. Can you top it in 5 minutes today?,Try Again,आज को पीछे छोड़ना तैयार हैं?,आपकी पिछली स्कोर थी 72। आज 5 मिनट में इसे पूरा कर सकते हैं?,फिर से देखें,Epic Meaning,question_hook,general,1,0.174,0.466,0.0076,5,GOOD,TPL_SEG_01_SOCIAL___EXPANSION_DRIVE_02
TPL_SEG_01_SOCIAL___EXPANSION_DRIVE_03,SEG_01,High-Active Power Users,paid,6,Social & Expansion Drive,Days 16–20,Increase Monthly Retention by 10% through Social Accountability and Referral Programs,Epic Meaning,Motivational,"1,400 Learners Practiced Today",Don't fall behind — your peers are moving forward. Join them now.,Join Now,आज 1400 सीखने वालों ने अभ्यास किया है,अपनी पीछे पड़ने से बचें — आपके दोस्त आगे बढ़ रहे हैं। उन्हें अब शामिल करें।,अब शुरू करें,Epic Meaning,social_proof,general,1,0.174,0.466,0.0076,5,GOOD,TPL_SEG_01_SOCIAL___EXPANSION_DRIVE_03
TPL_SEG_01_SOCIAL___EXPANSION_DRIVE_04,SEG_01,High-Active Power Users,paid,6,Social & Expansion Drive,Days 16–20,Increase Monthly Retention by 10% through Social Accountability and Referral Programs,Epic Meaning,Motivational,Tip: 10 min daily beats 2 hr weekly,Consistency builds fluency. One short session now keeps progress compounding.,Start Your Session,सुझाव: दैनिक 10 मिनट से 2 घंटे की हफ्ते में अधिक प्रगति करते हैं,"निरंतरता भाषण की ताकत बनाती है। एक छोटी सत्र को अब शुरू करें, और प्रगति जारी रखें।",आज की सत्र शुरू करें,Epic Meaning,insight_tip,general,1,0.174,0.466,0.0076,5,GOOD,TPL_SEG_01_SOCIAL___EXPANSION_DRIVE_04
TPL_SEG_01_SOCIAL___EXPANSION_DRIVE_05,SEG_01,High-Active Power Users,paid,6,Social & Expansion Drive,Days 16–20,Increase Monthly Retention by 10% through Social Accountability and Referral Programs,Epic Meaning,Motivational,Day 5 Challenge Unlocked,You're on a roll — tackle today's challenge to unlock your next badge.,Take the Challenge,दिन 5 चैलेंज खुला है,आपकी रोल में हैं — आज के चैलेंज को पूरा करके अगले बैज को खुलाएं।,चैलेंज लें,Epic Meaning,challenge,general,1,0.174,0.466,0.0076,5,GOOD,TPL_SEG_01_SOCIAL___EXPANSION_DRIVE_05
TPL_SEG_01_OVERCOMING_THE_SLUMP_01,SEG_01,High-Active Power Users,paid,7,Overcoming the Slump,Days 21–25,Re-engage High-Active Power Users with personalized win-back content and limited-time offer,Epic Meaning,Motivational,Your 7-day streak is at risk!,Only 2 days left in your trial! Complete today's session to keep it alive.,Open Now,अपनी 7 दिनों की स्ट्रीक खतरे में है!,आपका ट्रायल समय शुरू होने वाला है। आज सेशन खोलें और इसे बचाएं.,अब खोलें,Loss Avoidance,direct_cta,Streaks,1,0.174,0.466,0.0076,5,GOOD,TPL_SEG_01_OVERCOMING_THE_SLUMP_01
TPL_SEG_01_OVERCOMING_THE_SLUMP_02,SEG_01,High-Active Power Users,paid,7,Overcoming the Slump,Days 21–25,Re-engage High-Active Power Users with personalized win-back content and limited-time offer,Epic Meaning,Motivational,Ready to beat yesterday?,Your last score was 72. Can you top it in 5 minutes today?,Start Today's Session,क्या आप कल की तुलना में बेहतर कर सकते हैं?,आपका अंतिम स्कोर था। आज 5 मिनट में इसे पार कर सकते हैं?,आज का सेशन शुरू करें,Epic Meaning,question_hook,Scores,1,0.174,0.466,0.0076,5,GOOD,TPL_SEG_01_OVERCOMING_THE_SLUMP_02
TPL_SEG_01_OVERCOMING_THE_SLUMP_03,SEG_01,High-Active Power Users,paid,7,Overcoming the Slump,Days 21–25,Re-engage High-Active Power Users with personalized win-back content and limited-time offer,Epic Meaning,Motivational,"1,400 learners practiced today",Don't fall behind — your peers are moving forward. Join them now.,Join the Movement,आज 1400 सीखने वालों ने अभ्यास किया!,अपनी प्रतिद्वंद्वियों को आगे बढ़ने दें — उन्हें अब शामिल हों.,संगठित होने के लिए,Epic Meaning,social_proof,Learners,1,0.174,0.466,0.0076,5,GOOD,TPL_SEG_01_OVERCOMING_THE_SLUMP_03
TPL_SEG_01_OVERCOMING_THE_SLUMP_04,SEG_01,High-Active Power Users,paid,7,Overcoming the Slump,Days 21–25,Re-engage High-Active Power Users with personalized win-back content and limited-time offer,Epic Meaning,Motivational,Tip: 10 min daily beats 2 hr weekly,Consistency builds fluency. One short session now keeps progress compounding.,Start Your Session,टिप: दैनिक 10 मिनट से 2 घंटे की हफ्ते में अधिक बनता है!,निरंतरता भाषण की स्पष्टता बनाती है। एक छोटी सी सेशन अब प्रगति जोड़ता है.,आज का सेशन शुरू करें,Epic Meaning,insight_tip,Practice,1,0.174,0.466,0.0076,5,GOOD,TPL_SEG_01_OVERCOMING_THE_SLUMP_04
TPL_SEG_01_OVERCOMING_THE_SLUMP_05,SEG_01,High-Active Power Users,paid,7,Overcoming the Slump,Days 21–25,Re-engage High-Active Power Users with personalized win-back content and limited-time offer,Epic Meaning,Motivational,Day 5 Challenge Unlocked,You're on a roll — tackle today's challenge to unlock your next badge.,Take the Challenge,दिन 5 चुनौती खुल गई!,आपकी गति में है — आज की चुनौती को पूरा करके अगली बैज को खोलें.,चुनौती लें,Epic Meaning,challenge,Badges,1,0.174,0.466,0.0076,5,GOOD,TPL_SEG_01_OVERCOMING_THE_SLUMP_05
TPL_SEG_01_ROI_DEMONSTRATION_01,SEG_01,High-Active Power Users,paid,8,ROI Demonstration,Days 26–28,Increase monthly retention by 15% through personalized win-back content and limited-time offers,Epic Meaning,Motivational,Start Today's Session,Three minutes is all it takes. Open now and keep your streak alive.,Open Now,आज की सेशन शुरू करें,तीन मिनट ही पर्याप्त हैं। अब खुलो और अपने स्ट्रीक को जीवित रखो।,अब खोलें,Epic Meaning,direct_cta,general,1,0.174,0.466,0.0076,5,GOOD,TPL_SEG_01_ROI_DEMONSTRATION_01
TPL_SEG_01_ROI_DEMONSTRATION_02,SEG_01,High-Active Power Users,paid,8,ROI Demonstration,Days 26–28,Increase monthly retention by 15% through personalized win-back content and limited-time offers,Epic Meaning,Motivational,Ready to Beat Yesterday?,Your last score was 72. Can you top it in 5 minutes today?,Beat Today,आज को पिछले दिन से बेहतर करें,आपका अंतिम स्कोर था। आज तीन मिनट में इसे बढ़ाएं?,आज बढ़ाएं,Epic Meaning,question_hook,ROI Demonstration,1,0.174,0.466,0.0076,5,GOOD,TPL_SEG_01_ROI_DEMONSTRATION_02
TPL_SEG_01_ROI_DEMONSTRATION_03,SEG_01,High-Active Power Users,paid,8,ROI Demonstration,Days 26–28,Increase monthly retention by 15% through personalized win-back content and limited-time offers,Epic Meaning,Motivational,Your Progress Unlocked!,You're on a roll — tackle today's challenge to unlock your next badge.,Unlock Now,आपकी प्रगति खुल जाए!,आप अभी भी चल रहे हैं — आज का चुनौती नेविगेट करें और अगला बैज खोजें।,अब खोलें,Epic Meaning,challenge,general,1,0.174,0.466,0.0076,5,GOOD,TPL_SEG_01_ROI_DEMONSTRATION_03
TPL_SEG_01_ROI_DEMONSTRATION_04,SEG_01,High-Active Power Users,paid,8,ROI Demonstration,Days 26–28,Increase monthly retention by 15% through personalized win-back content and limited-time offers,Epic Meaning,Motivational,Tip: Consistency Beats Fluency,Consistency builds fluency. One short session now keeps progress compounding.,Start Now,टिप: स्थिरता ही प्रवाह की कुंजी है,स्थिरता प्रवाह बनाती है। अब तीन मिनट की एक छोटी सेशन में आपके प्रगति को बढ़ाएं।,अब शुरू करें,Epic Meaning,insight_tip,ROI Demonstration,1,0.174,0.466,0.0076,5,GOOD,TPL_SEG_01_ROI_DEMONSTRATION_04
TPL_SEG_01_ROI_DEMONSTRATION_05,SEG_01,High-Active Power Users,paid,8,ROI Demonstration,Days 26–28,Increase monthly retention by 15% through personalized win-back content and limited-time offers,Epic Meaning,Motivational,You're Not Alone!,3 friends joined this week. Invite more and stay in the game.,Invite Now,आपके साथ हमारा एक दोस्त है!,इस सप्ताह 3 दोस्तों ने शामिल हुए। अपने दोस्तों को आमंत्रित करें और खेल में रहें।,अब आमंत्रित करें,Social Influence,social_proof,ROI Demonstration,1,0.174,0.466,0.0076,5,GOOD,TPL_SEG_01_ROI_DEMONSTRATION_05
TPL_SEG_01_RETENTION___RENEWAL_01,SEG_01,High-Active Power Users,paid,9,Retention & Renewal,Days 29–30,Increase monthly retention by 10% through personalized win-back content and limited-time offers,Empowerment,Motivational,Start Today's Session,Three minutes is all it takes. Open now and keep your streak alive.,Open Now,आज की सेशन शुरू करें,तीन मिनट है सब कुछ। खोलें और अपने स्ट्रीक लाइफ को जारी रखें।,खोलें,Epic Meaning,direct_cta,Sia,1,0.175,0.47500000000000003,0.00775,4,GOOD,TPL_SEG_01_RETENTION___RENEWAL_01
TPL_SEG_01_RETENTION___RENEWAL_02,SEG_01,High-Active Power Users,paid,9,Retention & Renewal,Days 29–30,Increase monthly retention by 10% through personalized win-back content and limited-time offers,Empowerment,Motivational,Ready to Beat Yesterday?,Your last score was 72. Can you top it in 5 minutes today?,Try Now,आज की तुलना में बेहतर होने के लिए तैयार हैं?,आपकी पिछली स्कोर थी 72। आज 5 मिनट में इसे पूरा कर सकते हैं?,न्यून,Empowerment,question_hook,Exercise Completion,1,0.175,0.47500000000000003,0.00775,4,GOOD,TPL_SEG_01_RETENTION___RENEWAL_02
TPL_SEG_01_RETENTION___RENEWAL_03,SEG_01,High-Active Power Users,paid,9,Retention & Renewal,Days 29–30,Increase monthly retention by 10% through personalized win-back content and limited-time offers,Empowerment,Motivational,"1,400 Learners Practiced Today",Don't fall behind — your peers are moving forward. Join them now.,Join Now,आज 1400 सीखने वालों ने प्रयास किया है,अपने दोस्तों से आगे नहीं जाने दें — उनकी ओर बढ़ रहे हैं। उन्हें अब शामिल करें।,अब शामिल हो,Empowerment,social_proof,Leaderboard,1,0.175,0.47500000000000003,0.00775,4,GOOD,TPL_SEG_01_RETENTION___RENEWAL_03
TPL_SEG_01_RETENTION___RENEWAL_04,SEG_01,High-Active Power Users,paid,9,Retention & Renewal,Days 29–30,Increase monthly retention by 10% through personalized win-back content and limited-time offers,Empowerment,Motivational,Tip: 10 min Daily Beats 2 hr Weekly,Consistency builds fluency. One short session now keeps progress compounding.,Start Now,टिप्पणी: दैनिक 10 मिनट का प्रयास 2 घंटे साप्ताहिक से अधिक है,निरंतरता भाषा की ताकत बनाती है। एक छोटे से सत्र को अब शुरू करें और प्रगति को जारी रखें।,शुरू करें,Empowerment,insight_tip,Pronunciation Accuracy,1,0.175,0.47500000000000003,0.00775,4,GOOD,TPL_SEG_01_RETENTION___RENEWAL_04
TPL_SEG_01_RETENTION___RENEWAL_05,SEG_01,High-Active Power Users,paid,9,Retention & Renewal,Days 29–30,Increase monthly retention by 10% through personalized win-back content and limited-time offers,Empowerment,Motivational,Day 5 Challenge Unlocked,You're on a roll — tackle today's challenge to unlock your next badge.,Take On Challenge,दिन 5 चैलेंज लॉक किया गया है,आपकी रोल में हैं — आज के चैलेंज को स्वीकार करें और अगले बैज को खोजें।,चैलेंज लेना,Empowerment,challenge,Streak Milestone,1,0.175,0.47500000000000003,0.00775,4,GOOD,TPL_SEG_01_RETENTION___RENEWAL_05
TPL_SEG_04_PREMIUM_AFFIRMATION_01,SEG_04,Moderate-Active Feature Enthusiasts,paid,4,Premium Affirmation,Days 8–10,Validate the purchase decision and eliminate buyer's remorse by showcasing exclusive premium content and reinforcing identity as a committed user,Epic Meaning,Motivational,Train for Victory,Unlock exclusive premium content and exercises to boost your streak,Get Started Now,सही दिशा में प्रशिक्षण,अनोखे प्रीमियम सामग्री को खोजें और अपनी स्ट्रीक बढ़ाएं,शुरू करें अब,Epic Meaning,direct_cta,AI Tutor,1,0.09666666666666666,0.29,0.013666666666666666,3,NEUTRAL,TPL_SEG_04_PREMIUM_AFFIRMATION_01
TPL_SEG_04_PREMIUM_AFFIRMATION_02,SEG_04,Moderate-Active Feature Enthusiasts,paid,4,Premium Affirmation,Days 8–10,Validate the purchase decision and eliminate buyer's remorse by showcasing exclusive premium content and reinforcing identity as a committed user,Epic Meaning,Motivational,Build Your Streak Foundation,Unlock exclusive premium content and boost your daily practice with Sia.,Start Building Now,स्ट्रीक का आधार बनाएं,सिया से दैनिक अभ्यास में सुधार करें और प्रीमियम सामग्री तक पहुंचें।,शुरू करें,Epic Meaning,question_hook,Progress Reports,1,0.09666666666666666,0.29,0.013666666666666666,3,NEUTRAL,TPL_SEG_04_PREMIUM_AFFIRMATION_02
TPL_SEG_04_PREMIUM_AFFIRMATION_03,SEG_04,Moderate-Active Feature Enthusiasts,paid,4,Premium Affirmation,Days 8–10,Validate the purchase decision and eliminate buyer's remorse by showcasing exclusive premium content and reinforcing identity as a committed user,Epic Meaning,Motivational,Level Up Your Streak,Unlock exclusive premium content and boost your progress with our latest feature,Start Now,ब् एलैगािीद,ब् एलैगािीदँािीनवािीत,ँािीदँ,Epic Meaning,social_proof,Leaderboard & Community,1,0.09666666666666666,0.29,0.013666666666666666,3,NEUTRAL,TPL_SEG_04_PREMIUM_AFFIRMATION_03
TPL_SEG_04_PREMIUM_AFFIRMATION_04,SEG_04,Moderate-Active Feature Enthusiasts,paid,4,Premium Affirmation,Days 8–10,Validate the purchase decision and eliminate buyer's remorse by showcasing exclusive premium content and reinforcing identity as a committed user,Epic Meaning,Motivational,Tip: Boost Your Fluency,Master the art of speaking with our expert tips.,Continue Now,टिप: अपनी भाषा कौशल को बढ़ाएं,विशेषज्ञ से मिलें और अपनी भाषा कौशल को बढ़ाएं.,जारी रखें,Epic Meaning,insight_tip,Role-Based Practice Scenarios,1,0.09666666666666666,0.29,0.013666666666666666,3,NEUTRAL,TPL_SEG_04_PREMIUM_AFFIRMATION_04
TPL_SEG_04_PREMIUM_AFFIRMATION_05,SEG_04,Moderate-Active Feature Enthusiasts,paid,4,Premium Affirmation,Days 8–10,Validate the purchase decision and eliminate buyer's remorse by showcasing exclusive premium content and reinforcing identity as a committed user,Epic Meaning,Motivational,Day 5 Challenge Unlocked,Tackle today's challenge and unlock your next badge.,Continue Now,आज का दिन ५ चैलेंज लॉक हुआ,आज के चैलेंज को पूरा करें और अगले बैज को लॉक करें।,जारी रखें,Epic Meaning,challenge,Gamification System,1,0.09666666666666666,0.29,0.013666666666666666,3,NEUTRAL,TPL_SEG_04_PREMIUM_AFFIRMATION_05
TPL_SEG_04_DEEP_IMMERSION_01,SEG_04,Moderate-Active Feature Enthusiasts,paid,5,Deep Immersion,Days 11–15,Increase monthly retention by 15% among moderate-active feature enthusiasts who have used the AI Tutor within the last week,Empowerment,Motivational,Train for Victory: Boost Your Streak,Complete daily sessions to outpace yesterday's progress,Start Now,"सही दिशा में चलें, स्ट्रीक को बढ़ाएं",दैनिक सत्रों को पूरा करें और कल के प्रगति से आगे रहें,शुरू करें,Empowerment,direct_cta,AI Tutor,1,0.12666666666666668,0.36999999999999994,0.011333333333333334,3,NEUTRAL,TPL_SEG_04_DEEP_IMMERSION_01
TPL_SEG_04_DEEP_IMMERSION_02,SEG_04,Moderate-Active Feature Enthusiasts,paid,5,Deep Immersion,Days 11–15,Increase monthly retention by 15% among moderate-active feature enthusiasts who have used the AI Tutor within the last week,Empowerment,Motivational,Build Your House of Fluency,Unlock your AI Tutor's secret to a 10-minute daily streak,Start Your Streak Today,गहराई में बोलना सीखो,अपने AI गुरु की रहस्यमयी शक्ति खोजें जो 10 मिनट की दैनिक प्रैक्टिस लाती है,आज शुरू करें,Empowerment,question_hook,Exercise Completion,1,0.12666666666666668,0.36999999999999994,0.011333333333333334,3,NEUTRAL,TPL_SEG_04_DEEP_IMMERSION_02
TPL_SEG_04_DEEP_IMMERSION_03,SEG_04,Moderate-Active Feature Enthusiasts,paid,5,Deep Immersion,Days 11–15,Increase monthly retention by 15% among moderate-active feature enthusiasts who have used the AI Tutor within the last week,Empowerment,Motivational,"1,400 Learners Practiced Today",Don't fall behind — your peers are moving forward. Join them now.,Continue Now,आज की सेशन में 1400 छात्रों ने अभ्यास किया है,नीचे नहीं पड़ें — आपके दोस्त आगे बढ़ रहे हैं। उन्हें अब शामिल करें।,जारी रखें,Empowerment,social_proof,Leaderboard,1,0.12666666666666668,0.36999999999999994,0.011333333333333334,3,NEUTRAL,TPL_SEG_04_DEEP_IMMERSION_03
TPL_SEG_04_DEEP_IMMERSION_04,SEG_04,Moderate-Active Feature Enthusiasts,paid,5,Deep Immersion,Days 11–15,Increase monthly retention by 15% among moderate-active feature enthusiasts who have used the AI Tutor within the last week,Empowerment,Motivational,Tip: 10 Min Daily Beats 2 Hr Weekly,Consistency builds fluency. One short session now keeps progress compounding.,Continue Now,सुझाव: दिन में 10 मिनट अभ्यास करने से 2 घंटे की हफ्ते में अधिक हासिल होता है,निरंतरता भाषण की क्षमता बनाती है। अब एक छोटी सी सेशन शुरू करें और प्रगति जोड़ते रहें।,जारी रखें,Empowerment,insight_tip,Daily Practice,1,0.12666666666666668,0.36999999999999994,0.011333333333333334,3,NEUTRAL,TPL_SEG_04_DEEP_IMMERSION_04
TPL_SEG_04_DEEP_IMMERSION_05,SEG_04,Moderate-Active Feature Enthusiasts,paid,5,Deep Immersion,Days 11–15,Increase monthly retention by 15% among moderate-active feature enthusiasts who have used the AI Tutor within the last week,Empowerment,Motivational,Unlock Your Streak's Secret in a Forgotten Box,Boost your fluency with our AI Tutor and discover the science behind your progress.,Start Your Progress Today!,अप्रयोग की बोतल में छुपा हुआ सीक्रेट खोजें,स्पीचिंग एआई ट्यूटर के साथ अपनी भाषा कौशल को बढ़ाएं और आपकी प्रगति के पीछे की विज्ञान की दुनिया को खोजें.,आज शुरू करें अपने प्रगति की यात्रा,Empowerment,challenge,Streak Milestone,1,0.12666666666666668,0.36999999999999994,0.011333333333333334,3,NEUTRAL,TPL_SEG_04_DEEP_IMMERSION_05
TPL_SEG_04_SOCIAL___EXPANSION_DRIVE_01,SEG_04,Moderate-Active Feature Enthusiasts,paid,6,Social & Expansion Drive,Days 16–20,Increase monthly retention by 15% through personalized win-back content and limited-time offer for premium features,Epic Meaning,Motivational,Run Your Streak Marathon Today,"Boost your fluency with daily practice, stay ahead of the pack!",Start Now,अभ्यास की दौड़ चलाएं आज,"दैनिक अभ्यास से अपनी बोलचाल में सुधार करें, प्रतिस्पर्धियों से आगे रहें!",शुरू करें,Epic Meaning,direct_cta,general,1,0.09666666666666666,0.29,0.013666666666666666,3,NEUTRAL,TPL_SEG_04_SOCIAL___EXPANSION_DRIVE_01
TPL_SEG_04_SOCIAL___EXPANSION_DRIVE_02,SEG_04,Moderate-Active Feature Enthusiasts,paid,6,Social & Expansion Drive,Days 16–20,Increase monthly retention by 15% through personalized win-back content and limited-time offer for premium features,Epic Meaning,Motivational,Build Your House of Fluency,Unlock premium features for just 10 minutes daily,Start Your Streak Today,घर बनाएं अपनी मौखिक क्षमता,नियमित 10 मिनट के लिए प्रीमियम विशेषताओं को खोलें,आज शुरू करें,Epic Meaning,question_hook,exercise completion,1,0.09666666666666666,0.29,0.013666666666666666,3,NEUTRAL,TPL_SEG_04_SOCIAL___EXPANSION_DRIVE_02
TPL_SEG_04_SOCIAL___EXPANSION_DRIVE_03,SEG_04,Moderate-Active Feature Enthusiasts,paid,6,Social & Expansion Drive,Days 16–20,Increase monthly retention by 15% through personalized win-back content and limited-time offer for premium features,Epic Meaning,Motivational,"1,400 Learners Practiced Today",Don't fall behind — your peers are moving forward. Join them now.,Continue Now,आज 1400 सीखने वालों ने अभ्यास किया है,अपने दोस्तों से पीछे नहीं पड़ें — आपके सहयोगी आगे बढ़ रहे हैं। उन्हें अब शामिल करें।,जारी रखें,Epic Meaning,social_proof,leaderboard,1,0.09666666666666666,0.29,0.013666666666666666,3,NEUTRAL,TPL_SEG_04_SOCIAL___EXPANSION_DRIVE_03
TPL_SEG_04_SOCIAL___EXPANSION_DRIVE_04,SEG_04,Moderate-Active Feature Enthusiasts,paid,6,Social & Expansion Drive,Days 16–20,Increase monthly retention by 15% through personalized win-back content and limited-time offer for premium features,Epic Meaning,Motivational,Tip: 10 min daily beats 2 hr weekly,Consistency builds fluency. One short session now keeps progress compounding.,Continue Now,सुझाव: दैनिक 10 मिनट की तुलना में 2 घंटे साप्ताहिक बेहतर है,निरंतरता भाषण की स्पष्टता बनाती है। एक छोटी सी सेशन अब प्रगति जोड़ती है। शुरू करें.,जारी रखें,Epic Meaning,insight_tip,progress reports,1,0.09666666666666666,0.29,0.013666666666666666,3,NEUTRAL,TPL_SEG_04_SOCIAL___EXPANSION_DRIVE_04
TPL_SEG_04_SOCIAL___EXPANSION_DRIVE_05,SEG_04,Moderate-Active Feature Enthusiasts,paid,6,Social & Expansion Drive,Days 16–20,Increase monthly retention by 15% through personalized win-back content and limited-time offer for premium features,Epic Meaning,Motivational,Unlock Your Streak's Secret in a Forgotten Box,Boost your fluency with our AI-powered practice sessions,Start Your Session Now,अपनी स्ट्रीक की गुप्त खोज करें एक भूल गए बॉक्स में,हमारे एआई पावर्ड अभ्यास सत्रों से अपनी भाषा कौशल को बढ़ाएं,शुरू करें अपना सत्र अब,Epic Meaning,challenge,streaks,1,0.09666666666666666,0.29,0.013666666666666666,3,NEUTRAL,TPL_SEG_04_SOCIAL___EXPANSION_DRIVE_05
TPL_SEG_04_OVERCOMING_THE_SLUMP_01,SEG_04,Moderate-Active Feature Enthusiasts,paid,7,Overcoming the Slump,Days 21–25,Re-engage users with personalized win-back content and limited-time offer for premium features,Epic Meaning,Motivational,Train for Your Streak's Finishing Line,"Boost your fluency with daily practice, now!",Open Now!,अंतिम रेस में तैयार रहें,दैनिक अभ्यास से अपनी भाषा कौशल को बढ़ाएं,अब खोलें,Epic Meaning,direct_cta,Sia,1,0.09666666666666666,0.29,0.013666666666666666,3,NEUTRAL,TPL_SEG_04_OVERCOMING_THE_SLUMP_01
TPL_SEG_04_OVERCOMING_THE_SLUMP_02,SEG_04,Moderate-Active Feature Enthusiasts,paid,7,Overcoming the Slump,Days 21–25,Re-engage users with personalized win-back content and limited-time offer for premium features,Epic Meaning,Motivational,Build Your Streak's Foundation,Complete daily exercises to unlock a stronger you in just 5 minutes,Start Your Streak Today,आपने अपनी स्ट्रीक की आधारशिला बनाएं,नियमित रूप से अभ्यास करें और अपनी भाषा कौशल में सुधार करें,आज शुरू करें,Epic Meaning,question_hook,Exercise Completion,1,0.09666666666666666,0.29,0.013666666666666666,3,NEUTRAL,TPL_SEG_04_OVERCOMING_THE_SLUMP_02
TPL_SEG_04_OVERCOMING_THE_SLUMP_03,SEG_04,Moderate-Active Feature Enthusiasts,paid,7,Overcoming the Slump,Days 21–25,Re-engage users with personalized win-back content and limited-time offer for premium features,Epic Meaning,Motivational,"1,400 Learners Practiced Today",Don't fall behind — your peers are moving forward. Join them now.,Continue Now,आज के दिन में 1400 सीखने वालों ने प्रैक्टिस किया है,अपने दोस्तों से आगे नहीं पड़ने दें। उन्हें अब शामिल हो जाएं!,जारी रखें,Epic Meaning,social_proof,Daily Practice,1,0.09666666666666666,0.29,0.013666666666666666,3,NEUTRAL,TPL_SEG_04_OVERCOMING_THE_SLUMP_03
TPL_SEG_04_OVERCOMING_THE_SLUMP_04,SEG_04,Moderate-Active Feature Enthusiasts,paid,7,Overcoming the Slump,Days 21–25,Re-engage users with personalized win-back content and limited-time offer for premium features,Epic Meaning,Motivational,Tip: 10 Min Daily Beats 2 Hr Weekly,Consistency builds fluency. One short session now keeps progress compounding.,Continue Now,टिप: दैनिक 10 मिनट की प्रैक्टिस 2 घंटे साप्ताहिक को हरा सकती है,स्थिरता भाषण की क्षमता बनाती है। एक छोटी सी सेशन अब तेजी से प्रगति बनाए रखेगी।,जारी रखें,Epic Meaning,insight_tip,Weekly Progress,1,0.09666666666666666,0.29,0.013666666666666666,3,NEUTRAL,TPL_SEG_04_OVERCOMING_THE_SLUMP_04
TPL_SEG_04_OVERCOMING_THE_SLUMP_05,SEG_04,Moderate-Active Feature Enthusiasts,paid,7,Overcoming the Slump,Days 21–25,Re-engage users with personalized win-back content and limited-time offer for premium features,Epic Meaning,Motivational,Unlock Your Streak's Secret in a Forgotten Box,Discover hidden progress and boost your fluency with our AI-powered practice sessions,Start Your Streak Today,अप्रत्याशित प्रगति की खोज करें,हमारे एआई साथी सिया के साथ अभ्यास करें और अपनी भाषा कौशल में सुधार करें,आज शुरू करें,Epic Meaning,challenge,Streak Milestone,1,0.09666666666666666,0.29,0.013666666666666666,3,NEUTRAL,TPL_SEG_04_OVERCOMING_THE_SLUMP_05
TPL_SEG_04_ROI_DEMONSTRATION_01,SEG_04,Moderate-Active Feature Enthusiasts,paid,8,ROI Demonstration,Days 26–28,Increase monthly retention by 10% among moderate-actively engaged users (ai_tutor_used) through personalized win-back content and limited-time offers,Empowerment,Urgent (mild),Train for Your Streak's Finishing Line,Unlock your full potential with daily practice sessions and AI-powered feedback.,Start Now,"अपनी स्ट्रीक के अंतिम रेस में तैयार रहें,",दैनिक अभ्यास सत्रों और एआई-निर्देशित फीडबैक के साथ अपना पूर्ण संभावना खोजें।,"शुरू करें, ",Empowerment,direct_cta,AI Tutor,1,0.12666666666666668,0.36999999999999994,0.011333333333333334,3,NEUTRAL,TPL_SEG_04_ROI_DEMONSTRATION_01
TPL_SEG_04_ROI_DEMONSTRATION_02,SEG_04,Moderate-Active Feature Enthusiasts,paid,8,ROI Demonstration,Days 26–28,Increase monthly retention by 10% among moderate-actively engaged users (ai_tutor_used) through personalized win-back content and limited-time offers,Empowerment,Urgent (mild),Ready to beat yesterday?,Your last score was 72. Can you top it in 5 minutes today?,Continue Now,आज को पिछले दिन से बेहतर बनाने के लिए तैयार हैं?,आपका अंतिम रिकॉर्ड था। आज 5 मिनट में इसे पूरा कर सकते हैं?,जारी रखें,Empowerment,question_hook,Exercise Completion,1,0.12666666666666668,0.36999999999999994,0.011333333333333334,3,NEUTRAL,TPL_SEG_04_ROI_DEMONSTRATION_02
TPL_SEG_04_ROI_DEMONSTRATION_03,SEG_04,Moderate-Active Feature Enthusiasts,paid,8,ROI Demonstration,Days 26–28,Increase monthly retention by 10% among moderate-actively engaged users (ai_tutor_used) through personalized win-back content and limited-time offers,Empowerment,Urgent (mild),Level Up Your Streak,Train for your streak's finishing line with AI Tutor Sia,Start Now,स्ट्रीक की अंतिम लाइन पर तैयार रहें ,एआई ट्यूटर सिया के साथ प्रशिक्षण करें ,शुरू करें ,Empowerment,social_proof,Leaderboard,1,0.12666666666666668,0.36999999999999994,0.011333333333333334,3,NEUTRAL,TPL_SEG_04_ROI_DEMONSTRATION_03
TPL_SEG_04_ROI_DEMONSTRATION_04,SEG_04,Moderate-Active Feature Enthusiasts,paid,8,ROI Demonstration,Days 26–28,Increase monthly retention by 10% among moderate-actively engaged users (ai_tutor_used) through personalized win-back content and limited-time offers,Empowerment,Urgent (mild),Unlock Your Streak's Masterpiece,Train with Sia for just 10 min daily & watch progress compound,Start Your Streak Today,अपनी स्ट्रीक का मास्टरपीस लॉक करें ,सिया से 10 मिनट दिन में अभ्यास करें और प्रगति वृद्धि करती जाएगी,आज शुरू करें ,Empowerment,insight_tip,Progress Reports,1,0.12666666666666668,0.36999999999999994,0.011333333333333334,3,NEUTRAL,TPL_SEG_04_ROI_DEMONSTRATION_04
TPL_SEG_04_ROI_DEMONSTRATION_05,SEG_04,Moderate-Active Feature Enthusiasts,paid,8,ROI Demonstration,Days 26–28,Increase monthly retention by 10% among moderate-actively engaged users (ai_tutor_used) through personalized win-back content and limited-time offers,Empowerment,Urgent (mild),Unlock Your Streak's Secret in a Time Capsule of Progress,Boost your fluency with our AI-powered practice sessions,Start Your Session Now,अपनी स्ट्रीक की गुप्त खोज एक समय कैप्सूल में प्रगति,हमारे एआई-चालित अभ्यास सत्रों से अपनी भाषा कौशल को बढ़ाएं,आज शुरू करें,Empowerment,challenge,Streaks,1,0.12666666666666668,0.36999999999999994,0.011333333333333334,3,NEUTRAL,TPL_SEG_04_ROI_DEMONSTRATION_05
TPL_SEG_04_RETENTION___RENEWAL_01,SEG_04,Moderate-Active Feature Enthusiasts,paid,9,Retention & Renewal,Days 29–30,Increase monthly retention by 15% through personalized win-back content and limited-time offers,Empowerment,Friendly,Train for Your Streak's Finishing Line,Complete daily exercises to win your streak back!,Open Now & Keep It Alive,अपनी स्ट्रीक के अंतिम रास्ते पर तैयार रहें ,दैनिक अभ्यासों को पूरा करें और अपनी स्ट्रीक को फिर से जीत लें!,अब खोलें और इसे जीवित रखें!,Empowerment,direct_cta,streak,1,0.12666666666666668,0.36999999999999994,0.011333333333333334,3,NEUTRAL,TPL_SEG_04_RETENTION___RENEWAL_01
TPL_SEG_04_RETENTION___RENEWAL_02,SEG_04,Moderate-Active Feature Enthusiasts,paid,9,Retention & Renewal,Days 29–30,Increase monthly retention by 15% through personalized win-back content and limited-time offers,Empowerment,Friendly,Build Your Streak's Foundation,Complete 5 exercises in a row to unlock your next level!,Start Now,स्ट्रीक की आधारशिला बनाएं,पांच अभ्यासों को एक साथ पूरा करें और अगले स्तर को खोलें!,शुरू करें,Empowerment,question_hook,practice,1,0.12666666666666668,0.36999999999999994,0.011333333333333334,3,NEUTRAL,TPL_SEG_04_RETENTION___RENEWAL_02
TPL_SEG_04_RETENTION___RENEWAL_03,SEG_04,Moderate-Active Feature Enthusiasts,paid,9,Retention & Renewal,Days 29–30,Increase monthly retention by 15% through personalized win-back content and limited-time offers,Empowerment,Friendly,Level Up Your Streak,Boost your daily practice to unlock the next level!,Start Now,स्ट्रीक का अगला स्तर हासिल करें ,दैनिक अभ्यास में वृद्धि करें और अगले स्तर को खोजें!,शुरू करें,Empowerment,social_proof,practice,1,0.12666666666666668,0.36999999999999994,0.011333333333333334,3,NEUTRAL,TPL_SEG_04_RETENTION___RENEWAL_03
TPL_SEG_04_RETENTION___RENEWAL_04,SEG_04,Moderate-Active Feature Enthusiasts,paid,9,Retention & Renewal,Days 29–30,Increase monthly retention by 15% through personalized win-back content and limited-time offers,Empowerment,Friendly,Unlock Your Streak's Masterpiece in the Artist Studio,"Boost your fluency with daily sessions, and watch progress compound.",Start Your Session Now,अभ्यास का रचनात्मक स्टूडियो में अपनी प्रगति को खोलें,"दिन में एक सत्र लें, और प्रगति के जोड़ बढ़ते रहें.",शुरू करें अपना सत्र अब,Empowerment,insight_tip,consistency,1,0.12666666666666668,0.36999999999999994,0.011333333333333334,3,NEUTRAL,TPL_SEG_04_RETENTION___RENEWAL_04
TPL_SEG_04_RETENTION___RENEWAL_05,SEG_04,Moderate-Active Feature Enthusiasts,paid,9,Retention & Renewal,Days 29–30,Increase monthly retention by 15% through personalized win-back content and limited-time offers,Empowerment,Friendly,Day 5 Challenge Unlocked!,You're on a roll — tackle today's challenge to unlock your next badge.,Continue Now,आज का दिन 5 चैलेंज लॉक हो गया!,आपकी गति में आगे बढ़ें — आज की चैलेंज को पूरा करें और अगले बैज को लॉक करें।,जारी रखें,Empowerment,challenge,challenges,1,0.12666666666666668,0.36999999999999994,0.011333333333333334,3,NEUTRAL,TPL_SEG_04_RETENTION___RENEWAL_05
TPL_SEG_06_ACTIVATION___VALUE_DISCOVERY_01_v2,SEG_06,Moderate-Active Trial Activators,trial,1,Activation & Value Discovery,Days 1–2,Increase exercise completion rate by 20% within the first week,Empowerment,Motivational,"My Streak Was Dead, But SpeakX Brought Me Back to Life",Unlock daily exercises with Sia and revive your streak!,Start My Streak Today,"मेरी स्ट्रीक मृत हुई थी, लेकिन स्पीकर्स ने मुझे फिर से जिंदा कर दिया.",सिया के साथ दैनिक अभ्यास शुरू करें और अपनी स्ट्रीक को जीवित करें!,मेरी स्ट्रीक शुरू करें,Empowerment,challenge,general,1,0.03666666666666667,0.11333333333333334,0.028333333333333335,3,BAD,TPL_SEG_06_ACTIVATION___VALUE_DISCOVERY_01
TPL_SEG_06_ACTIVATION___VALUE_DISCOVERY_02_v2,SEG_06,Moderate-Active Trial Activators,trial,1,Activation & Value Discovery,Days 1–2,Increase exercise completion rate by 20% within the first week,Loss Avoidance,Motivational,Phoenix Rises from the Ashes of Inactivity,Unlock your SpeakX streak with daily practice sessions and AI-powered feedback.,Start Your Daily Practice Now,,दिन के पहले 10 मिनट से अपनी स्ट्रीक को फिर से जीवंत करें और बोलते हुए शब्दों का निर्माण करें।,"दिन के पहले 10 मिनट शुरू करें,",Loss Avoidance,question_hook,insight_tip,1,0.03666666666666667,0.11333333333333334,0.028333333333333335,3,BAD,TPL_SEG_06_ACTIVATION___VALUE_DISCOVERY_02
TPL_SEG_06_ACTIVATION___VALUE_DISCOVERY_03_v2,SEG_06,Moderate-Active Trial Activators,trial,1,Activation & Value Discovery,Days 1–2,Increase exercise completion rate by 20% within the first week,Curiosity,Motivational,Your Second Wind Awaits — Curiosity,Tap into your second wind with SpeakX's AI tutor today.,Start Practicing,आपकी second wind यात्रा शुरू होती है,SpeakX AI ट्यूटर के साथ आज अभ्यास करें।,अभ्यास शुरू करें,Curiosity,social_proof,general,1,0.03666666666666667,0.11333333333333334,0.028333333333333335,3,BAD,TPL_SEG_06_ACTIVATION___VALUE_DISCOVERY_03
TPL_SEG_06_ACTIVATION___VALUE_DISCOVERY_04_v2,SEG_06,Moderate-Active Trial Activators,trial,1,Activation & Value Discovery,Days 1–2,Increase exercise completion rate by 20% within the first week,Social Proof,Motivational,"Your Streak Was Hidden, But SpeakX Uncovered It",10 min daily practice with Sia boosts fluency & confidence,Boost Your Streak Today!,अपनी स्ट्रीक को खोजा और फिर से जीवंत करें!,दैनिक 10 मिनट की प्रथा सिया से बातचीत करने से आपकी भाषा कौशल में सुधार होता है और आत्मविश्वास बढ़ता है,आज अपनी स्ट्रीक को मजबूत करें!,Social Proof,insight_tip,challenge,1,0.03666666666666667,0.11333333333333334,0.028333333333333335,3,BAD,TPL_SEG_06_ACTIVATION___VALUE_DISCOVERY_04
TPL_SEG_06_ACTIVATION___VALUE_DISCOVERY_05_v2,SEG_06,Moderate-Active Trial Activators,trial,1,Activation & Value Discovery,Days 1–2,Increase exercise completion rate by 20% within the first week,Scarcity,Motivational,"Your Streak Was Hidden, But SpeakX Uncovered It",Complete today's session with Sia and unlock your next badge.,Boost Your Streak Now,,अभ्यास को सिया से पूरा करें और अगला बैज हासिल करें।,अभ्यास बढ़ाएं,Scarcity,challenge,general,1,0.03666666666666667,0.11333333333333334,0.028333333333333335,3,BAD,TPL_SEG_06_ACTIVATION___VALUE_DISCOVERY_05
TPL_SEG_06_HABIT_FORMATION___EARLY_ENGAGEMENT_01_v2,SEG_06,Moderate-Active Trial Activators,trial,2,Habit Formation & Early Engagement,Days 3–5,Increase exercise completion rate by 25% within the next 3 days,Accomplishment,Motivational,Phoenix Rises from the Ashes of Inactivity,3 min daily beats 2 hr weekly,Start Now,நி் காுி ஜி௖ி ௧ி௲௃,நி் 3 காுி ஜி௖ி ௧ி௲௃,நி்,Accomplishment,direct_cta,general,1,0.03666666666666667,0.11333333333333334,0.028333333333333335,3,BAD,TPL_SEG_06_HABIT_FORMATION___EARLY_ENGAGEMENT_01
TPL_SEG_06_HABIT_FORMATION___EARLY_ENGAGEMENT_02_v2,SEG_06,Moderate-Active Trial Activators,trial,2,Habit Formation & Early Engagement,Days 3–5,Increase exercise completion rate by 25% within the next 3 days,Unpredictability,Motivational,Phoenix Rises from Inactive Streaks,"Boost your streak with daily practice sessions and AI-powered feedback on pronunciation, grammar, and fluency.",Start Daily Practice Now,नि ंग्रैय आमवीतॡ,ंग्रैय \u09a4न्रैय आमवीतॡ,ंग्रैय \u09a4न्रैय,Unpredictability,question_hook,progress reports,1,0.03666666666666667,0.11333333333333334,0.028333333333333335,3,BAD,TPL_SEG_06_HABIT_FORMATION___EARLY_ENGAGEMENT_02
TPL_SEG_06_HABIT_FORMATION___EARLY_ENGAGEMENT_03_v2,SEG_06,Moderate-Active Trial Activators,trial,2,Habit Formation & Early Engagement,Days 3–5,Increase exercise completion rate by 25% within the next 3 days,Ownership,Motivational,Phoenix Rises from Inactive Streaks,Boost your streak with daily practice sessions & AI-powered feedback.,Start Daily Practice Now,नि ं्ि गीमि,पाीि ःत्िआैमिं्िइडिकौमि,ःत्िआैमिं्िइडिकौमि,Ownership,social_proof,leaderboard,1,0.03666666666666667,0.11333333333333334,0.028333333333333335,3,BAD,TPL_SEG_06_HABIT_FORMATION___EARLY_ENGAGEMENT_03
TPL_SEG_06_HABIT_FORMATION___EARLY_ENGAGEMENT_04_v2,SEG_06,Moderate-Active Trial Activators,trial,2,Habit Formation & Early Engagement,Days 3–5,Increase exercise completion rate by 25% within the next 3 days,Loss Avoidance,Motivational,"Your Streak Was Hidden, But SpeakX Uncovered It",Daily exercises keep progress compounding. Boost your streak with AI tutor Sia.,Start Now,न् ंिगारिीाब्तेदैड,प्फिगांिगारिीाब्तेदैड,ंिगारिीाब्ते,Loss Avoidance,insight_tip,habit formation,1,0.03666666666666667,0.11333333333333334,0.028333333333333335,3,BAD,TPL_SEG_06_HABIT_FORMATION___EARLY_ENGAGEMENT_04
TPL_SEG_06_HABIT_FORMATION___EARLY_ENGAGEMENT_05_v2,SEG_06,Moderate-Active Trial Activators,trial,2,Habit Formation & Early Engagement,Days 3–5,Increase exercise completion rate by 25% within the next 3 days,Empowerment,Motivational,"Your Streak Was Hidden, But SpeakX Uncovered It",Unlock your progress with daily exercises and AI-powered feedback.,Start Your Daily Practice Now,ટ઱ கધટૈ૓ૠ૱િ லૈ૕૪઻ૌ,ટ઱ கધટૈ૓ૠ૱િலૈ૕૪઻ૌટ઱ઞજધિ૊િ,கધૈ૓ૠ૱િலૈ૕૪઻ૌટ઱ઞ,Empowerment,challenge,streaks,1,0.03666666666666667,0.11333333333333334,0.028333333333333335,3,BAD,TPL_SEG_06_HABIT_FORMATION___EARLY_ENGAGEMENT_05
TPL_SEG_06_THE_CONVERSION_PUSH_01,SEG_06,Moderate-Active Trial Activators,trial,3,The Conversion Push,Days 6–7,Convert 30% of Moderate-Active Trial Activators to paid subscribers before trial expiry,Empowerment,Urgent (mild),"My Streak Was Dead, But SpeakX Brought Me Back to Life",Train for your streak's finishing line with our AI-powered English practice sessions.,Start Today's Session,"मेरी स्ट्रीक मर गई थी, लेकिन स्पीक्स ब्रिंग मुझे जीने दिया.",हमारे एआई पावर्ड अंग्रेजी अभ्यास सत्रों के साथ अपनी स्ट्रीक के अंतिम रेस के लिए तैयार रहें।,आज का सत्र शुरू करें,Empowerment,direct_cta,Sia,1,0.08,0.26333333333333336,0.01933333333333333,3,NEUTRAL,TPL_SEG_06_THE_CONVERSION_PUSH_01
TPL_SEG_06_THE_CONVERSION_PUSH_02,SEG_06,Moderate-Active Trial Activators,trial,3,The Conversion Push,Days 6–7,Convert 30% of Moderate-Active Trial Activators to paid subscribers before trial expiry,Empowerment,Urgent (mild),Phoenix Rising: Unlock Your Streak's Potential,Boost your fluency with our AI-powered practice sessions,Start Your Session Now,आग बुझाने वाली किरण: अपनी स्ट्रीक का संभावना खोजें,हमारे एआई-शक्तिशाली अभ्यास सत्रों में अपनी भाषा कौशल को बढ़ाएं,अब शुरू करें,Empowerment,question_hook,Exercise Completion,1,0.08,0.26333333333333336,0.01933333333333333,3,NEUTRAL,TPL_SEG_06_THE_CONVERSION_PUSH_02
TPL_SEG_06_THE_CONVERSION_PUSH_03,SEG_06,Moderate-Active Trial Activators,trial,3,The Conversion Push,Days 6–7,Convert 30% of Moderate-Active Trial Activators to paid subscribers before trial expiry,Empowerment,Urgent (mild),Revive Your Streak with SpeakX's Second Wind,Unlock daily boosts to outshine your peers & stay ahead in fluency,Join Now & Boost Your Streak Today!,अपुनी स्ट्रीक को फिर से जीवित करें - स्पीक्स,दैनिक बूस्ट लॉक करें और अपने दोस्तों से आगे रहें,अब शुरू करें & आपकी स्ट्रीक को बढ़ाएं,Empowerment,social_proof,Leaderboard,1,0.08,0.26333333333333336,0.01933333333333333,3,NEUTRAL,TPL_SEG_06_THE_CONVERSION_PUSH_03
TPL_SEG_06_THE_CONVERSION_PUSH_04,SEG_06,Moderate-Active Trial Activators,trial,3,The Conversion Push,Days 6–7,Convert 30% of Moderate-Active Trial Activators to paid subscribers before trial expiry,Empowerment,Urgent (mild),Tip: 10 min daily beats 2 hr weekly,Consistency builds fluency. One short session now keeps progress compounding.,Continue Now,सुझाव: दैनिक 10 मिनट अधिक है बेहतर है 2 घंटे साप्ताहिक,निरंतरता बोलचाल की नींव बनाती है। एक छोटे सत्र को अब शुरू करें और प्रगति जोड़ते रहें।,जारी रखें,Empowerment,insight_tip,Practice Scenarios,1,0.08,0.26333333333333336,0.01933333333333333,3,NEUTRAL,TPL_SEG_06_THE_CONVERSION_PUSH_04
TPL_SEG_06_THE_CONVERSION_PUSH_05,SEG_06,Moderate-Active Trial Activators,trial,3,The Conversion Push,Days 6–7,Convert 30% of Moderate-Active Trial Activators to paid subscribers before trial expiry,Empowerment,Urgent (mild),Day 5 Challenge Unlocked,You're on a roll — tackle today's challenge to unlock your next badge.,Continue Now,दिन 5 चैलेंज प्राप्त हुआ है,आपकी ट्रेनिंग में सुधार हो रहा है। आज के चैलेंज को पूरा करें और अगले बैज को प्राप्त करें।,जारी रखें,Empowerment,challenge,Streaks,1,0.08,0.26333333333333336,0.01933333333333333,3,NEUTRAL,TPL_SEG_06_THE_CONVERSION_PUSH_05
TPL_SEG_08_PREMIUM_AFFIRMATION_01,SEG_08,Low-Active At-Risk Paid,paid,4,Premium Affirmation,Days 8–10,Increase exercise completion rate by 20% within the first week post-conversion,Empowerment,Motivational,Start Today's Session,Three minutes is all it takes. Open now and keep your streak alive.,Continue Now,आज की सेशन शुरू करें,तीन मिनटों का फायदा उठाएं। अब खोलें और अपने स्ट्रीक को जीवित रखें।,जारी रखें,Empowerment,direct_cta,Sia,1,0.14333333333333334,0.44,0.008166666666666668,3,NEUTRAL,TPL_SEG_08_PREMIUM_AFFIRMATION_01
TPL_SEG_08_PREMIUM_AFFIRMATION_02,SEG_08,Low-Active At-Risk Paid,paid,4,Premium Affirmation,Days 8–10,Increase exercise completion rate by 20% within the first week post-conversion,Empowerment,Motivational,Unlock Your Streak's Masterpiece,Boost your fluency with our AI-powered practice sessions,Start Practicing Now,अपनी स्ट्रीक का रचनात्मकता का खजाना खोलें,हमारे AI साथी सिया के साथ प्रैक्टिस करें,शुरू करें प्रैक्टिस करना,Empowerment,question_hook,Progress Reports,1,0.14333333333333334,0.44,0.008166666666666668,3,NEUTRAL,TPL_SEG_08_PREMIUM_AFFIRMATION_02
TPL_SEG_08_PREMIUM_AFFIRMATION_03,SEG_08,Low-Active At-Risk Paid,paid,4,Premium Affirmation,Days 8–10,Increase exercise completion rate by 20% within the first week post-conversion,Empowerment,Motivational,"1,400 Learners Practiced Today",Don't fall behind — your peers are moving forward. Join them now.,Continue Now,आज को 1400 से अधिक लोगों ने अभ्यास किया है,अपने दोस्तों से पीछे नहीं पड़ें — वे आगे बढ़ रहे हैं। अब शामिल हों.,जारी रखें,Empowerment,social_proof,Leaderboard & Community,1,0.14333333333333334,0.44,0.008166666666666668,3,NEUTRAL,TPL_SEG_08_PREMIUM_AFFIRMATION_03
TPL_SEG_08_PREMIUM_AFFIRMATION_04,SEG_08,Low-Active At-Risk Paid,paid,4,Premium Affirmation,Days 8–10,Increase exercise completion rate by 20% within the first week post-conversion,Empowerment,Motivational,Tip: 10 Min Daily Beats 2 Hr Weekly,Consistency builds fluency. One short session now keeps progress compounding.,Continue Now,सुझाव: दैनिक 10 मिनट की तुलना में 2 घंटे को पार करते हैं,निरंतरता भाषण की स्पष्टता बनाती है। एक छोटी सी सेशन अब प्रगति को जोड़ती है.,जारी रखें,Empowerment,insight_tip,AI Tutor,1,0.14333333333333334,0.44,0.008166666666666668,3,NEUTRAL,TPL_SEG_08_PREMIUM_AFFIRMATION_04
TPL_SEG_08_PREMIUM_AFFIRMATION_05,SEG_08,Low-Active At-Risk Paid,paid,4,Premium Affirmation,Days 8–10,Increase exercise completion rate by 20% within the first week post-conversion,Empowerment,Motivational,Day 5 Challenge Unlocked,You're on a roll — tackle today's challenge to unlock your next badge.,Continue Now,आज की चुनौती पूरी करें,आपका रोल चल रहा है — आज की चुनौती पूरी करके अगली बैज को खोजें।,जारी रखें,Empowerment,challenge,Gamification System,1,0.14333333333333334,0.44,0.008166666666666668,3,NEUTRAL,TPL_SEG_08_PREMIUM_AFFIRMATION_05
TPL_SEG_08_DEEP_IMMERSION_01,SEG_08,Low-Active At-Risk Paid,paid,5,Deep Immersion,Days 11–15,Improve monthly retention by increasing exercise completion rate among Low-Active At-Risk Paid users,Empowerment,Friendly,Your Streak is at Risk!,3 days left in your trial! Open now and keep it alive.,Continue Now,अपनी स्ट्रीक को खतरे में डालें!,आपका 7 दिनों का ट्रायल जल्दी खत्म होने वाला है! अब खुलें और इसे बचाएं.,जारी रखें,Empowerment,direct_cta,Progress Reports,1,0.14333333333333334,0.44,0.008166666666666668,3,NEUTRAL,TPL_SEG_08_DEEP_IMMERSION_01
TPL_SEG_08_DEEP_IMMERSION_02,SEG_08,Low-Active At-Risk Paid,paid,5,Deep Immersion,Days 11–15,Improve monthly retention by increasing exercise completion rate among Low-Active At-Risk Paid users,Empowerment,Friendly,Unlock Your Streak's Masterpiece,Boost fluency with AI-powered practice sessions,Start Now,अपनी स्ट्रीक का मास्टरपीस लॉक करें ,AI से शक्तिशाली प्रशिक्षण सत्रों के साथ अपनी भाषा कौशल को बढ़ाएं,शुरू करें ,Empowerment,question_hook,Role-Based Practice Scenarios,1,0.14333333333333334,0.44,0.008166666666666668,3,NEUTRAL,TPL_SEG_08_DEEP_IMMERSION_02
TPL_SEG_08_DEEP_IMMERSION_03,SEG_08,Low-Active At-Risk Paid,paid,5,Deep Immersion,Days 11–15,Improve monthly retention by increasing exercise completion rate among Low-Active At-Risk Paid users,Empowerment,Friendly,Unlock Your Streak's Masterpiece Today,Boost your fluency with daily practice and get instant feedback from Sia,Start Your Practice Now,अपनी स्ट्रीक का मास्टरपीस आज खोलें ,दैनिक अभ्यास और सिया के साथ प्रतिक्रिया प्राप्त करें और अपनी भाषा कौशल को बढ़ाएं,आज अभ्यास शुरू करें ,Empowerment,insight_tip,Gamification System,1,0.14333333333333334,0.44,0.008166666666666668,3,NEUTRAL,TPL_SEG_08_DEEP_IMMERSION_03
TPL_SEG_08_DEEP_IMMERSION_04,SEG_08,Low-Active At-Risk Paid,paid,5,Deep Immersion,Days 11–15,Improve monthly retention by increasing exercise completion rate among Low-Active At-Risk Paid users,Empowerment,Friendly,Unlock Your Streak's Masterpiece Today,Boost your fluency with our AI-powered practice sessions,Start Your Session Now,अपनी स्ट्रीक का मास्टरपीस आज ही खोलें,हमारे AI साथ प्रशिक्षण सत्रों से अपनी भाषा कौशल को बढ़ाएं,आज शुरू करें,Empowerment,challenge,Leaderboard & Community,1,0.14333333333333334,0.44,0.008166666666666668,3,NEUTRAL,TPL_SEG_08_DEEP_IMMERSION_04
TPL_SEG_08_DEEP_IMMERSION_05,SEG_08,Low-Active At-Risk Paid,paid,5,Deep Immersion,Days 11–15,Improve monthly retention by increasing exercise completion rate among Low-Active At-Risk Paid users,Empowerment,Friendly,"1,400 Learners Practiced Today!",Don't fall behind — your peers are moving forward. Join them now.,Continue Now,आज 1400 से अधिक लोग अभ्यास कर रहे हैं!,अपनी पीछों में पड़ने से बचें — आपके दोस्त आगे बढ़ रहे हैं। उन्हें अब शामिल हों.,जारी रखें,Empowerment,social_proof,Progress Reports,1,0.14333333333333334,0.44,0.008166666666666668,3,NEUTRAL,TPL_SEG_08_DEEP_IMMERSION_05
TPL_SEG_08_SOCIAL___EXPANSION_DRIVE_01,SEG_08,Low-Active At-Risk Paid,paid,6,Social & Expansion Drive,Days 16–20,Increase Monthly Retention by 15% through personalized win-back content and limited-time offers,Epic Meaning,Motivational,Start Today's Session,Three minutes is all it takes. Open now and keep your streak alive.,Continue Now,,,जारी रखें,Epic Meaning,direct_cta,Sia,1,0.11333333333333333,0.3466666666666667,0.010666666666666666,3,NEUTRAL,TPL_SEG_08_SOCIAL___EXPANSION_DRIVE_01
TPL_SEG_08_SOCIAL___EXPANSION_DRIVE_02,SEG_08,Low-Active At-Risk Paid,paid,6,Social & Expansion Drive,Days 16–20,Increase Monthly Retention by 15% through personalized win-back content and limited-time offers,Epic Meaning,Motivational,Ready to beat yesterday?,Your last score was 72. Can you top it in 5 minutes today?,Continue Now,,,जारी रखें,Epic Meaning,question_hook,Progress Reports,1,0.11333333333333333,0.3466666666666667,0.010666666666666666,3,NEUTRAL,TPL_SEG_08_SOCIAL___EXPANSION_DRIVE_02
TPL_SEG_08_SOCIAL___EXPANSION_DRIVE_03,SEG_08,Low-Active At-Risk Paid,paid,6,Social & Expansion Drive,Days 16–20,Increase Monthly Retention by 15% through personalized win-back content and limited-time offers,Epic Meaning,Motivational,Unlock Your Streak's Masterpiece,10 min daily beats 2 hr weekly,Join Now,आपने अपनी स्ट्रीक का राज खो दिया है,दैनिक अभ्यास में 10 मिनट बढ़ाएं और सप्ताह में 2 घंटे पूरा करें,शुरू करें,Epic Meaning,social_proof,Leaderboard & Community,1,0.11333333333333333,0.3466666666666667,0.010666666666666666,3,NEUTRAL,TPL_SEG_08_SOCIAL___EXPANSION_DRIVE_03
TPL_SEG_08_SOCIAL___EXPANSION_DRIVE_04,SEG_08,Low-Active At-Risk Paid,paid,6,Social & Expansion Drive,Days 16–20,Increase Monthly Retention by 15% through personalized win-back content and limited-time offers,Epic Meaning,Motivational,Unlock Your Streak's Masterpiece Today!,Boost your fluency with our AI-powered practice sessions,Start Your Session Now,अपनी स्ट्रीक का मास्टरपीस आज ही खोलें!,हमारे एआई-चरित्र से अपनी बोलने की क्षमता को बढ़ाएं,आज शुरू करें,Epic Meaning,insight_tip,Gamification System,1,0.11333333333333333,0.3466666666666667,0.010666666666666666,3,NEUTRAL,TPL_SEG_08_SOCIAL___EXPANSION_DRIVE_04
TPL_SEG_08_SOCIAL___EXPANSION_DRIVE_05,SEG_08,Low-Active At-Risk Paid,paid,6,Social & Expansion Drive,Days 16–20,Increase Monthly Retention by 15% through personalized win-back content and limited-time offers,Epic Meaning,Motivational,Unlock Your Streak's Masterpiece Today!,Tackle today's challenge to boost your fluency and unlock a new badge.,Complete Today,आपकी स्ट्रीक का मास्टरपीस लॉक करें!,आज के चैलेंज को पूरा करने से आपकी फ्लुएंसी बढ़ जाएगी।,आज पूरा करें!,Epic Meaning,challenge,Role-Based Practice Scenarios,1,0.11333333333333333,0.3466666666666667,0.010666666666666666,3,NEUTRAL,TPL_SEG_08_SOCIAL___EXPANSION_DRIVE_05
TPL_SEG_08_OVERCOMING_THE_SLUMP_01,SEG_08,Low-Active At-Risk Paid,paid,7,Overcoming the Slump,Days 21–25,Detect and counter mid-subscription disengagement by re-anchoring user motivation and reducing session friction,Epic Meaning,Motivational,Your Streak is at Risk!,3 days left in your trial! Complete today's session to keep it alive.,Continue Now,आपका स्ट्रीक खतरे में है!,अपनी आज्ञा पूरी करने के लिए 3 दिन बाकी हैं। आज की सेशन खुलाएं और इसे जीवित रखें।,जारी रखें,Epic Meaning,direct_cta,Streak History,1,0.11333333333333333,0.3466666666666667,0.010666666666666666,3,NEUTRAL,TPL_SEG_08_OVERCOMING_THE_SLUMP_01
TPL_SEG_08_OVERCOMING_THE_SLUMP_02,SEG_08,Low-Active At-Risk Paid,paid,7,Overcoming the Slump,Days 21–25,Detect and counter mid-subscription disengagement by re-anchoring user motivation and reducing session friction,Epic Meaning,Motivational,Phoenix Rising: Unlock Your Streak,Boost your fluency with daily practice,Start Practice Now,,Bol ke dikha,Shuru Karo,Epic Meaning,question_hook,Daily Progress,1,0.11333333333333333,0.3466666666666667,0.010666666666666666,3,NEUTRAL,TPL_SEG_08_OVERCOMING_THE_SLUMP_02
TPL_SEG_08_OVERCOMING_THE_SLUMP_03,SEG_08,Low-Active At-Risk Paid,paid,7,Overcoming the Slump,Days 21–25,Detect and counter mid-subscription disengagement by re-anchoring user motivation and reducing session friction,Epic Meaning,Motivational,"1,400 Learners Practiced Today",Don't fall behind — your peers are moving forward. Join them now.,Continue Now,आज 1400 लोगों ने अभ्यास किया!,अपनी पीछे पड़ने से बचें — आपके दोस्त आगे बढ़ रहे हैं। उन्हें शामिल करें।,जारी रखें,Epic Meaning,social_proof,Leaderboard,1,0.11333333333333333,0.3466666666666667,0.010666666666666666,3,NEUTRAL,TPL_SEG_08_OVERCOMING_THE_SLUMP_03
TPL_SEG_08_OVERCOMING_THE_SLUMP_04,SEG_08,Low-Active At-Risk Paid,paid,7,Overcoming the Slump,Days 21–25,Detect and counter mid-subscription disengagement by re-anchoring user motivation and reducing session friction,Epic Meaning,Motivational,Tip: 10 min daily beats 2 hr weekly,Consistency builds fluency. One short session now keeps progress compounding.,Continue Now,सुझाव: दैनिक 10 मिनट अधिक प्रभावी हैं 2 घंटे साप्ताहिक,निरंतरता भाषण की fluency बनाती है। एक छोटी सी सेशन में शुरू करें और प्रगति जोड़ें।,जारी रखें,Epic Meaning,insight_tip,Practice Scenarios,1,0.11333333333333333,0.3466666666666667,0.010666666666666666,3,NEUTRAL,TPL_SEG_08_OVERCOMING_THE_SLUMP_04
TPL_SEG_08_OVERCOMING_THE_SLUMP_05,SEG_08,Low-Active At-Risk Paid,paid,7,Overcoming the Slump,Days 21–25,Detect and counter mid-subscription disengagement by re-anchoring user motivation and reducing session friction,Epic Meaning,Motivational,Unlock Your Streak's Masterpiece Today!,Tackle today's challenge to boost your fluency,Start Now,आज की चुनौती पर ध्यान दें!,अभ्यास को बढ़ाएं और अपने स्ट्रीक का मास्टरपीस लें,शुरू करें,Epic Meaning,challenge,Streak Milestones,1,0.11333333333333333,0.3466666666666667,0.010666666666666666,3,NEUTRAL,TPL_SEG_08_OVERCOMING_THE_SLUMP_05
TPL_SEG_08_ROI_DEMONSTRATION_01,SEG_08,Low-Active At-Risk Paid,paid,8,ROI Demonstration,Days 26–28,Increase Monthly Retention by 5% through targeted win-back content and limited-time offers,Epic Meaning,Motivational,Unlock Your Streak's Masterpiece Today!,Daily practice with Sia boosts fluency & confidence,Start Today's Session,अपनी स्ट्रीक का रचनात्मकता का संग्रह आज खोलें!,दैनिक अभ्यास सिया से बेहतर संचार और आत्मविश्वास बढ़ाएं,आज की सेशन शुरू करें,Epic Meaning,direct_cta,general,1,0.11333333333333333,0.3466666666666667,0.010666666666666666,3,NEUTRAL,TPL_SEG_08_ROI_DEMONSTRATION_01
TPL_SEG_08_ROI_DEMONSTRATION_02,SEG_08,Low-Active At-Risk Paid,paid,8,ROI Demonstration,Days 26–28,Increase Monthly Retention by 5% through targeted win-back content and limited-time offers,Epic Meaning,Motivational,Unlock Your Streak's Masterpiece Today!,Boost your fluency with our hyper-relevant scenarios and Indian English accent training,Start Your Streak Now!,अपनी स्ट्रीक का रचनात्मकता का संग्रह आज!,हमारे विशिष्ट प्रश्नों और भारतीय अंग्रेजी वर्णन पर आधारित प्रशिक्षण,शुरू करें अपनी स्ट्रीक!,Epic Meaning,question_hook,insight_tip,1,0.11333333333333333,0.3466666666666667,0.010666666666666666,3,NEUTRAL,TPL_SEG_08_ROI_DEMONSTRATION_02
TPL_SEG_08_ROI_DEMONSTRATION_03,SEG_08,Low-Active At-Risk Paid,paid,8,ROI Demonstration,Days 26–28,Increase Monthly Retention by 5% through targeted win-back content and limited-time offers,Epic Meaning,Motivational,Unlock Your Streak's Masterpiece Today!,Discover how our AI tutor Sia can help you boost your fluency,Start Your Journey Now!,આપની સ્ટ્રીકનું માસ્ટરપીસ આજથી!,એલિ તરફથી અભ્યાસ કરવા માટે આપનો શિક્ષક સિયા તમારી ફ્લુએન્સીને વધારી શકે છે,આપણી યાત્રા શરૂ કરો!,Epic Meaning,social_proof,challenge,1,0.11333333333333333,0.3466666666666667,0.010666666666666666,3,NEUTRAL,TPL_SEG_08_ROI_DEMONSTRATION_03
TPL_SEG_08_ROI_DEMONSTRATION_04,SEG_08,Low-Active At-Risk Paid,paid,8,ROI Demonstration,Days 26–28,Increase Monthly Retention by 5% through targeted win-back content and limited-time offers,Epic Meaning,Motivational,Tip: 10 Min Daily Beats 2 Hr Weekly,Consistency builds fluency. One short session now keeps progress compounding.,Continue Now,तिप्पणी: दिन में 10 मिनट से अधिक अभ्यास करने से 2 घंटे की हफ्तेवारी में बेहतर होता है,निरंतरता भाषा की ताकत बनाती है। एक छोटी सी सेशन में शुरू करो और प्रगति को जोड़ते रहो।,जारी रखें,Epic Meaning,insight_tip,general,1,0.11333333333333333,0.3466666666666667,0.010666666666666666,3,NEUTRAL,TPL_SEG_08_ROI_DEMONSTRATION_04
TPL_SEG_08_ROI_DEMONSTRATION_05,SEG_08,Low-Active At-Risk Paid,paid,8,ROI Demonstration,Days 26–28,Increase Monthly Retention by 5% through targeted win-back content and limited-time offers,Epic Meaning,Motivational,Day 5 Challenge Unlocked,You're on a roll — tackle today's challenge to unlock your next badge.,Continue Now,दिन 5 चैलेंज लॉक किया गया है,आपकी रोल में हैं — आज के चैलेंज को पूरा करें और अगले बैज को लॉक करें।,जारी रखें,Epic Meaning,challenge,general,1,0.11333333333333333,0.3466666666666667,0.010666666666666666,3,NEUTRAL,TPL_SEG_08_ROI_DEMONSTRATION_05
TPL_SEG_08_RETENTION___RENEWAL_01,SEG_08,Low-Active At-Risk Paid,paid,9,Retention & Renewal,Days 29–30,Secure renewal before subscription lapse with a personalized win-back message,Loss Avoidance,Urgent (mild),Your Streak's Masterpiece Was Hidden,Complete today's session to unlock it,Complete Now,अपनी स्ट्रीक का मास्टरपीस छुप गया है,आज के सत्र को पूरा करें और खोलें,आज पूरा करें,Loss Avoidance,direct_cta,Streaks,1,0.12333333333333334,0.36000000000000004,0.010166666666666666,3,NEUTRAL,TPL_SEG_08_RETENTION___RENEWAL_01
TPL_SEG_08_RETENTION___RENEWAL_02,SEG_08,Low-Active At-Risk Paid,paid,9,Retention & Renewal,Days 29–30,Secure renewal before subscription lapse with a personalized win-back message,Loss Avoidance,Urgent (mild),Unlock Your Streak's Masterpiece Today!,Boost your fluency with our daily challenge,Start Now,अपनी स्ट्रीक का रचनात्मकता में बदलाव करें आज!,दैनिक चुनौती के साथ अपनी भाषा कौशल को बढ़ाएं,शुरू करें,Loss Avoidance,question_hook,Score,1,0.12333333333333334,0.36000000000000004,0.010166666666666666,3,NEUTRAL,TPL_SEG_08_RETENTION___RENEWAL_02
TPL_SEG_08_RETENTION___RENEWAL_03,SEG_08,Low-Active At-Risk Paid,paid,9,Retention & Renewal,Days 29–30,Secure renewal before subscription lapse with a personalized win-back message,Loss Avoidance,Urgent (mild),"Your Streak Was Hidden, But SpeakX Uncovered It",Don't let progress fade away. Unlock your streak's potential now.,Join Now,"अपनी प्रगति को खोजें, लेकिन सीखें नहीं",आज ही अपने स्ट्रीक का फायदा उठाएं,आज ही शुरू करें,Loss Avoidance,social_proof,Learners,1,0.12333333333333334,0.36000000000000004,0.010166666666666666,3,NEUTRAL,TPL_SEG_08_RETENTION___RENEWAL_03
TPL_SEG_08_RETENTION___RENEWAL_04,SEG_08,Low-Active At-Risk Paid,paid,9,Retention & Renewal,Days 29–30,Secure renewal before subscription lapse with a personalized win-back message,Loss Avoidance,Urgent (mild),Tip: 10 min Daily Beats 2 hr Weekly,Consistency builds fluency. One short session now keeps progress compounding.,Continue Now,टिप: 10 मिनट की दैनिक अभ्यास 2 घंटे की साप्ताहिक अभ्यास से बेहतर है,निरंतरता भाषण की गुणवत्ता बनाती है। एक छोटी सी सेशन अब प्रगति को जोड़ती है।,जारी रखें,Loss Avoidance,insight_tip,Practice,1,0.12333333333333334,0.36000000000000004,0.010166666666666666,3,NEUTRAL,TPL_SEG_08_RETENTION___RENEWAL_04
TPL_SEG_08_RETENTION___RENEWAL_05,SEG_08,Low-Active At-Risk Paid,paid,9,Retention & Renewal,Days 29–30,Secure renewal before subscription lapse with a personalized win-back message,Loss Avoidance,Urgent (mild),Your Streak's Masterpiece in Danger,Don't let it slip away! Complete today's challenge to save your streak.,Complete Today's Challenge,अपनी स्ट्रीक का मास्टरपीस खतरे में है,आज के चैलेंज को पूरा करें और अपनी स्ट्रीक को बचाएं।,आज का चैलेंज पूरा करें,Loss Avoidance,challenge,Badges,1,0.12333333333333334,0.36000000000000004,0.010166666666666666,3,NEUTRAL,TPL_SEG_08_RETENTION___RENEWAL_05
TPL_SEG_09_ACTIVATION___VALUE_DISCOVERY_01_v2,SEG_09,Low-Active Cold Trial,trial,1,Activation & Value Discovery,Days 1–2,Deliver the 'aha moment' within the first 48 hours by showcasing the AI Tutor's personalized feedback and encouraging users to complete their first exercise.,Empowerment,Motivational,My Streak Was Lost in the Haze of Inactivity,Daily practice with Sia's AI tutor helps you find your rhythm again.,Start Your Comeback Today,நல சி ௃ி ் ாி கி,நலசி௃ி்ாிகிஞழிொிுிநலகி.,நலசி௃ி்ாிகிஞழிொிுி,Empowerment,direct_cta,general,1,0.03333333333333333,0.09333333333333334,0.031,3,BAD,TPL_SEG_09_ACTIVATION___VALUE_DISCOVERY_01
TPL_SEG_09_ACTIVATION___VALUE_DISCOVERY_02_v2,SEG_09,Low-Active Cold Trial,trial,1,Activation & Value Discovery,Days 1–2,Deliver the 'aha moment' within the first 48 hours by showcasing the AI Tutor's personalized feedback and encouraging users to complete their first exercise.,Loss Avoidance,Motivational,Unlock Your Streak's Secret,Discover how SpeakX's AI tutor helps you regain momentum with personalized feedback,Start Your Revival Today,अपनी स्ट्रीक का रहस्य खोलें,स्पीक्स के एआई ट्यूटर की मदद से अपनी गति को फिर से प्राप्त करें और व्यक्तिगत फीडबैक का लाभ उठाएं,आज शुरू करें अपनी रिज़ार्वेशन,Loss Avoidance,question_hook,insight_tip,1,0.03333333333333333,0.09333333333333334,0.031,3,BAD,TPL_SEG_09_ACTIVATION___VALUE_DISCOVERY_02
TPL_SEG_09_ACTIVATION___VALUE_DISCOVERY_03_v2,SEG_09,Low-Active Cold Trial,trial,1,Activation & Value Discovery,Days 1–2,Deliver the 'aha moment' within the first 48 hours by showcasing the AI Tutor's personalized feedback and encouraging users to complete their first exercise.,Curiosity,Motivational,Your Fresh Chapter Awaits — Curiosity,Tap into your fresh chapter with SpeakX's AI tutor today.,Start Practicing,आपकी fresh chapter यात्रा शुरू होती है,SpeakX AI ट्यूटर के साथ आज अभ्यास करें।,अभ्यास शुरू करें,Curiosity,social_proof,challenge,1,0.03333333333333333,0.09333333333333334,0.031,3,BAD,TPL_SEG_09_ACTIVATION___VALUE_DISCOVERY_03
TPL_SEG_09_ACTIVATION___VALUE_DISCOVERY_04_v2,SEG_09,Low-Active Cold Trial,trial,1,Activation & Value Discovery,Days 1–2,Deliver the 'aha moment' within the first 48 hours by showcasing the AI Tutor's personalized feedback and encouraging users to complete their first exercise.,Social Proof,Motivational,"New Season, New Streaks",Unlock daily practice with Sia's personalized feedback and boost your streak!,Start Your Streak Today,मि ं ब् पैते,मि ं पैते Sia ki vishesh pariksha se aapki streak ko badhava milega!,मि ं पैते,Social Proof,insight_tip,general,1,0.03333333333333333,0.09333333333333334,0.031,3,BAD,TPL_SEG_09_ACTIVATION___VALUE_DISCOVERY_04
TPL_SEG_09_ACTIVATION___VALUE_DISCOVERY_05_v2,SEG_09,Low-Active Cold Trial,trial,1,Activation & Value Discovery,Days 1–2,Deliver the 'aha moment' within the first 48 hours by showcasing the AI Tutor's personalized feedback and encouraging users to complete their first exercise.,Scarcity,Motivational,Your Encore Performance Awaits — Scarcity,Tap into your encore performance with SpeakX's AI tutor today.,Start Practicing,आपकी encore performance यात्रा शुरू होती है,SpeakX AI ट्यूटर के साथ आज अभ्यास करें।,अभ्यास शुरू करें,Scarcity,challenge,general,1,0.03333333333333333,0.09333333333333334,0.031,3,BAD,TPL_SEG_09_ACTIVATION___VALUE_DISCOVERY_05
TPL_SEG_09_HABIT_FORMATION___EARLY_ENGAGEMENT_01_v2,SEG_09,Low-Active Cold Trial,trial,2,Habit Formation & Early Engagement,Days 3–5,Establish a daily usage pattern — 3 consecutive active days locks in behavioral habit,Epic Meaning,Friendly,My Streak Was Lost in the Haze of Inactivity,Three minutes is all it takes. Open now and keep your streak alive.,Start Now & Revive Your Streak,मेरी स्ट्रीक को अक्षरों में खोने का समय था ,तीन मिनट ही पर्याप्त है। अब खोलें और अपनी स्ट्रीक को जीवित रखें।,अब शुरू करें & अपनी स्ट्रीक को जीवित करें ,Epic Meaning,direct_cta,Sia,1,0.06,0.17333333333333334,0.024333333333333332,3,BAD,TPL_SEG_09_HABIT_FORMATION___EARLY_ENGAGEMENT_01
TPL_SEG_09_HABIT_FORMATION___EARLY_ENGAGEMENT_02_v2,SEG_09,Low-Active Cold Trial,trial,2,Habit Formation & Early Engagement,Days 3–5,Establish a daily usage pattern — 3 consecutive active days locks in behavioral habit,Accomplishment,Friendly,Unlock Your Streak's Secret in a Time Capsule of Progress,Discover how SpeakX's AI tutor and streak tracker helped you beat yesterday's score by 15% today,Start Your Daily Habit Now,अप्रत्याशित प्रगति की समय संपत्ति में आपका स्ट्रीक लॉक करें,स्पीक्स के एआई ट्यूटर और स्ट्रीक ट्रैकर द्वारा आपको कल की तुलना में 15% बेहतर करने की क्षमता खोजें,आज से अपने दैनिक आदत शुरू करें,Accomplishment,question_hook,Exercise Completion,1,0.06,0.17333333333333334,0.024333333333333332,3,BAD,TPL_SEG_09_HABIT_FORMATION___EARLY_ENGAGEMENT_02
TPL_SEG_09_HABIT_FORMATION___EARLY_ENGAGEMENT_03_v2,SEG_09,Low-Active Cold Trial,trial,2,Habit Formation & Early Engagement,Days 3–5,Establish a daily usage pattern — 3 consecutive active days locks in behavioral habit,Unpredictability,Friendly,Your Fresh Chapter Awaits — Streak Tracker,Unlock daily streaks with our AI-powered practice sessions.,Start Your Streak Today,ਁટ ધ઱ મજનછ઩ — ૃ૒ૠ૱,ૃ૒ૠ૱ ધિૄ૕ૠ૱જન઩િ૊િૃ૒ૠ૱,ਁટ ધ઱,Unpredictability,social_proof,Peer Progress,1,0.06,0.17333333333333334,0.024333333333333332,3,BAD,TPL_SEG_09_HABIT_FORMATION___EARLY_ENGAGEMENT_03
TPL_SEG_09_HABIT_FORMATION___EARLY_ENGAGEMENT_04_v2,SEG_09,Low-Active Cold Trial,trial,2,Habit Formation & Early Engagement,Days 3–5,Establish a daily usage pattern — 3 consecutive active days locks in behavioral habit,Ownership,Friendly,Your New Season Awaits — Ownership,Tap into your new season with SpeakX's AI tutor today.,Start Practicing,आपकी new season यात्रा शुरू होती है,SpeakX AI ट्यूटर के साथ आज अभ्यास करें।,अभ्यास शुरू करें,Ownership,insight_tip,Daily Practice,1,0.06,0.17333333333333334,0.024333333333333332,3,BAD,TPL_SEG_09_HABIT_FORMATION___EARLY_ENGAGEMENT_04
TPL_SEG_09_HABIT_FORMATION___EARLY_ENGAGEMENT_05_v2,SEG_09,Low-Active Cold Trial,trial,2,Habit Formation & Early Engagement,Days 3–5,Establish a daily usage pattern — 3 consecutive active days locks in behavioral habit,Loss Avoidance,Friendly,Phoenix Rises from Inactive Streaks,Unlock your streak's secret with daily challenges and AI tutor feedback.,Start Fresh Today,अभ्यास की दूसरी शुरुआत करें,दैनिक चुनौतियों और सिया के फीडबैक से अपने अभ्यास को नई ऊंचाइयों तक पहुँचाएं।,दूसरी शुरुआत करें,Loss Avoidance,challenge,Streak Milestone,1,0.06,0.17333333333333334,0.024333333333333332,3,BAD,TPL_SEG_09_HABIT_FORMATION___EARLY_ENGAGEMENT_05
TPL_SEG_09_THE_CONVERSION_PUSH_01_v2,SEG_09,Low-Active Cold Trial,trial,3,The Conversion Push,Days 6–7,Convert trial user to paid subscriber before trial expiry with a one-tap upgrade,Empowerment,Motivational,My Streak Was Lost in the Haze of Inactivity,Open now and keep your streak alive with daily practice sessions.,Tap to Reactivate Now,मेरी स्ट्रीक का खो जाना अंधकार में था,आज खोलें और अपने दैनिक अभ्यास सत्रों से अपनी स्ट्रीक को फिर से जीवित करें।,ताप करें और फिर से सक्रिय करें,Empowerment,direct_cta,Sia,1,0.03333333333333333,0.09333333333333334,0.031,3,BAD,TPL_SEG_09_THE_CONVERSION_PUSH_01
TPL_SEG_09_THE_CONVERSION_PUSH_02_v2,SEG_09,Low-Active Cold Trial,trial,3,The Conversion Push,Days 6–7,Convert trial user to paid subscriber before trial expiry with a one-tap upgrade,Curiosity,Motivational,Unlock Your Streak's Secret in a Forgotten Box,Discover how SpeakX's AI tutor helps you improve your pronunciation with daily challenges.,Start Your Daily Challenge Now,अप्रत्याशित खोज: स्ट्रीक की गुप्तता को खोलें,स्पीक्स के एआई ट्यूटर से अपनी शब्दावला में सुधार करने के लिए दैनिक चुनौतियों का आनंद लें.,आज से शुरू करें अपनी दैनिक चुनौती,Curiosity,question_hook,Exercise Completion,1,0.03333333333333333,0.09333333333333334,0.031,3,BAD,TPL_SEG_09_THE_CONVERSION_PUSH_02
TPL_SEG_09_THE_CONVERSION_PUSH_03_v2,SEG_09,Low-Active Cold Trial,trial,3,The Conversion Push,Days 6–7,Convert trial user to paid subscriber before trial expiry with a one-tap upgrade,Social Proof,Motivational,Your Fresh Chapter Awaits — Social Proof,Tap into your fresh chapter with SpeakX's AI tutor today.,Start Practicing,आपकी fresh chapter यात्रा शुरू होती है,SpeakX AI ट्यूटर के साथ आज अभ्यास करें।,अभ्यास शुरू करें,Social Proof,social_proof,Leaderboard,1,0.03333333333333333,0.09333333333333334,0.031,3,BAD,TPL_SEG_09_THE_CONVERSION_PUSH_03
TPL_SEG_09_THE_CONVERSION_PUSH_04_v2,SEG_09,Low-Active Cold Trial,trial,3,The Conversion Push,Days 6–7,Convert trial user to paid subscriber before trial expiry with a one-tap upgrade,Scarcity,Motivational,Unlock Your Streak's Secret in a Forgotten Box,Discover SpeakX's AI tutor and boost your daily practice with our live rooms,Get Started Now,"अपडेट हुआ, बोलें तो समझें",स्पीक्स का एआई ट्यूटर सीखें और अपने दैनिक अभ्यास में जीवंतता लाएं,शुरू करें,Scarcity,insight_tip,Progress Reports,1,0.03333333333333333,0.09333333333333334,0.031,3,BAD,TPL_SEG_09_THE_CONVERSION_PUSH_04
TPL_SEG_09_THE_CONVERSION_PUSH_05_v2,SEG_09,Low-Active Cold Trial,trial,3,The Conversion Push,Days 6–7,Convert trial user to paid subscriber before trial expiry with a one-tap upgrade,Accomplishment,Motivational,Phoenix Rises from the Ashes of Inactivity,Tackle today's challenge to unlock your next badge.,One-Tap Upgrade Now,,,,Accomplishment,challenge,Streaks,1,0.03333333333333333,0.09333333333333334,0.031,3,BAD,TPL_SEG_09_THE_CONVERSION_PUSH_05
TPL_SEG_11_THE_WIN_BACK_01,SEG_11,Deep Churned,churned,10,The Win-Back,Day 31+,Re-activate churned users with a personalized win-back offer and a one-tap resume feature,Loss Avoidance,Urgent (mild),Your 7-day streak is at risk!,Three minutes to save it. Open now and keep your streak alive.,Start Today's Session,अपने 7 दिनों की स्ट्रीक को बचाएं!,तीन मिनट में बचाएं। अब खुलें और अपनी स्ट्रीक को जीवित रखें।,आज का सत्र शुरू करें,Loss Avoidance,direct_cta,Progress Reports,1,0.17,0.47666666666666674,0.006999999999999999,3,GOOD,TPL_SEG_11_THE_WIN_BACK_01
TPL_SEG_11_THE_WIN_BACK_02,SEG_11,Deep Churned,churned,10,The Win-Back,Day 31+,Re-activate churned users with a personalized win-back offer and a one-tap resume feature,Loss Avoidance,Urgent (mild),Ready to beat yesterday?,Your last score was 72. Can you top it in 5 minutes today?,Practice Now,आज को पिछले दिन से बेहतर बनाएं!,आपकी पिछली रेटिंग 72 थी। आज तीन मिनट में इसे पार करें।,अब अभ्यास करें,Loss Avoidance,question_hook,Role-Based Practice Scenarios,1,0.17,0.47666666666666674,0.006999999999999999,3,GOOD,TPL_SEG_11_THE_WIN_BACK_02
TPL_SEG_11_THE_WIN_BACK_03,SEG_11,Deep Churned,churned,10,The Win-Back,Day 31+,Re-activate churned users with a personalized win-back offer and a one-tap resume feature,Loss Avoidance,Urgent (mild),"1,400 learners practiced today",Don't fall behind — your peers are moving forward. Join them now.,Join the Movement,आज 1400 सीखने वालों ने अभ्यास किया!,अपने दोस्तों की ओर बढ़ रहे हैं। उन्हें शामिल हो जाएं.,आज की गति में शामिल हों,Loss Avoidance,social_proof,Leaderboard & Community,1,0.17,0.47666666666666674,0.006999999999999999,3,GOOD,TPL_SEG_11_THE_WIN_BACK_03
TPL_SEG_11_THE_WIN_BACK_04,SEG_11,Deep Churned,churned,10,The Win-Back,Day 31+,Re-activate churned users with a personalized win-back offer and a one-tap resume feature,Loss Avoidance,Urgent (mild),Tip: 10 min daily beats 2 hr weekly,Consistency builds fluency. One short session now keeps progress compounding.,Start Your Session,तिप्पणी: दैनिक 10 मिनट का अभ्यास 2 घंटे साप्ताहिक को हराता है!,स्थिरता भाषण की गुणवत्ता बनाती है। एक छोटी सी सत्र अब प्रगति को जोड़ता है।,आज का सत्र शुरू करें,Loss Avoidance,insight_tip,Gamification System,1,0.17,0.47666666666666674,0.006999999999999999,3,GOOD,TPL_SEG_11_THE_WIN_BACK_04
TPL_SEG_11_THE_WIN_BACK_05,SEG_11,Deep Churned,churned,10,The Win-Back,Day 31+,Re-activate churned users with a personalized win-back offer and a one-tap resume feature,Loss Avoidance,Urgent (mild),Day 5 Challenge Unlocked!,You're on a roll — tackle today's challenge to unlock your next badge.,Take On Today,दिन 5 चैलेंज लॉक किया गया!,आपकी गति में हैं — आज के चैलेंज को पूरा करें और अगले बैज को लॉक करें।,आज का चैलेंज लें,Loss Avoidance,challenge,XP Points,1,0.17,0.47666666666666674,0.006999999999999999,3,GOOD,TPL_SEG_11_THE_WIN_BACK_05
TPL_SEG_12_THE_LOW_FRICTION_RE_ENGAGEMENT_01_v2,SEG_12,Inactive High-Propensity,inactive,11,The Low-Friction Re-engagement,Day X+,Trigger one micro-action with zero friction to re-establish presence in user's routine,Loss Avoidance,Motivational,Phoenix Rises from the Ashes of Inactivity,Unlock your streak's secret in a forgotten box with SpeakX's AI tutor,Start Now,मि ल्पे सीफि वॆतेलैड,निमेलैड वॆतेलैड क्पे रेफि,उिम,Loss Avoidance,direct_cta,general,1,0.056666666666666664,0.17,0.0185,3,BAD,TPL_SEG_12_THE_LOW_FRICTION_RE_ENGAGEMENT_01
TPL_SEG_12_THE_LOW_FRICTION_RE_ENGAGEMENT_02_v2,SEG_12,Inactive High-Propensity,inactive,11,The Low-Friction Re-engagement,Day X+,Trigger one micro-action with zero friction to re-establish presence in user's routine,Empowerment,Motivational,Unlock Your Streak's Secret in a Forgotten Box,Discover how SpeakX's AI tutor helps you improve pronunciation and fluency with daily challenges.,Start Daily Challenges Now,मि त् नल फि पी दौम,तेप्नल त्प्नल फि पी दौम,तेप्नल फि पी दौम,Empowerment,question_hook,general,1,0.056666666666666664,0.17,0.0185,3,BAD,TPL_SEG_12_THE_LOW_FRICTION_RE_ENGAGEMENT_02
TPL_SEG_12_THE_LOW_FRICTION_RE_ENGAGEMENT_03_v2,SEG_12,Inactive High-Propensity,inactive,11,The Low-Friction Re-engagement,Day X+,Trigger one micro-action with zero friction to re-establish presence in user's routine,Curiosity,Motivational,Unlock Your Streak's Secret in a Forgotten Box,Discover hidden progress with SpeakX's AI tutor and live practice rooms.,Start Your Daily Practice Now,अपहरित कार्ड में आपकी स्ट्रीक की गोपनीयता खोजें ,स्पीक्स के एआई ट्यूटर और लाइव प्रथक रूम का उपयोग करके छुपी हुई प्रगति खोजें।,आज से दैनिक अभ्यास शुरू करें ,Curiosity,social_proof,general,1,0.056666666666666664,0.17,0.0185,3,BAD,TPL_SEG_12_THE_LOW_FRICTION_RE_ENGAGEMENT_03
TPL_SEG_12_THE_LOW_FRICTION_RE_ENGAGEMENT_04_v2,SEG_12,Inactive High-Propensity,inactive,11,The Low-Friction Re-engagement,Day X+,Trigger one micro-action with zero friction to re-establish presence in user's routine,Social Proof,Motivational,Unlock Your Streak's Secret in a Forgotten Box,Discover the power of SpeakX's AI tutor and pronunciation checker to boost your daily streaks,Start Your Streak Now,अप्रत्याशित स्ट्रीक की गुप्त शक्ति खोजें ,स्पीक्स के एआई ट्यूटर और उच्चारण जांचकर्ता से अपने दैनिक स्ट्रीक को बढ़ाएं,शुरू करें अपनी स्ट्रीक,Social Proof,insight_tip,general,1,0.056666666666666664,0.17,0.0185,3,BAD,TPL_SEG_12_THE_LOW_FRICTION_RE_ENGAGEMENT_04
TPL_SEG_12_THE_LOW_FRICTION_RE_ENGAGEMENT_05_v2,SEG_12,Inactive High-Propensity,inactive,11,The Low-Friction Re-engagement,Day X+,Trigger one micro-action with zero friction to re-establish presence in user's routine,Scarcity,Motivational,Unlock Your Streak's Secret in a Forgotten Box,Discover hidden progress and boost your daily streak with SpeakX's AI tutor,Start Now and Reclaim Your Streak,अपदस्थ होने का रहस्य खोजें - स्पीकरक्स की एआई ट्यूटर,अपने दैनिक स्ट्रीक को बढ़ाएं और अपने प्रगति को छुपे हुए खोजें,शुरू करें और अपना स्ट्रीक फिर से प्राप्त करें,Scarcity,challenge,general,1,0.056666666666666664,0.17,0.0185,3,BAD,TPL_SEG_12_THE_LOW_FRICTION_RE_ENGAGEMENT_05
TPL_SEG_13_THE_LOW_FRICTION_RE_ENGAGEMENT_01,SEG_13,Inactive Low-Propensity,inactive,11,The Low-Friction Re-engagement,Day X+,Trigger a single tap on the app's AI Tutor feature with personalized win-back content,Empowerment,Urgent (mild),Unlock Your Streak's Masterpiece Today!,Boost your fluency with daily practice,Start Now,आज से अपनी स्ट्रीक का मास्टरपीस लें!,दैनिक अभ्यास से अपनी भाषा कौशल में सुधार करें,आज शुरू करें,Empowerment,direct_cta,AI Tutor,1,0.07666666666666667,0.2333333333333333,0.015,3,NEUTRAL,TPL_SEG_13_THE_LOW_FRICTION_RE_ENGAGEMENT_01
TPL_SEG_13_THE_LOW_FRICTION_RE_ENGAGEMENT_02,SEG_13,Inactive Low-Propensity,inactive,11,The Low-Friction Re-engagement,Day X+,Trigger a single tap on the app's AI Tutor feature with personalized win-back content,Empowerment,Urgent (mild),Unlock Your Streak's Secret in a Forgotten Box,Boost your fluency with our AI Tutor feature,Start Your Session Now,अभ्यास की गुप्त खोज करें,स्पीक्स का एआई ट्यूटर फीचर अपनाएं,शुरू करें,Empowerment,question_hook,Exercise Completion,1,0.07666666666666667,0.2333333333333333,0.015,3,NEUTRAL,TPL_SEG_13_THE_LOW_FRICTION_RE_ENGAGEMENT_02
TPL_SEG_13_THE_LOW_FRICTION_RE_ENGAGEMENT_03,SEG_13,Inactive Low-Propensity,inactive,11,The Low-Friction Re-engagement,Day X+,Trigger a single tap on the app's AI Tutor feature with personalized win-back content,Empowerment,Urgent (mild),Unlock Your Streak's Masterpiece Today!,Boost your fluency with our AI Tutor feature,Join Now,अपनी स्ट्रीक का मास्टरपीस देखें!,स्पीकर्स के साथ अपनी बोलचाल में सुधार करें,शुरू करें,Empowerment,social_proof,Leaderboard,1,0.07666666666666667,0.2333333333333333,0.015,3,NEUTRAL,TPL_SEG_13_THE_LOW_FRICTION_RE_ENGAGEMENT_03
TPL_SEG_13_THE_LOW_FRICTION_RE_ENGAGEMENT_04,SEG_13,Inactive Low-Propensity,inactive,11,The Low-Friction Re-engagement,Day X+,Trigger a single tap on the app's AI Tutor feature with personalized win-back content,Empowerment,Urgent (mild),Unlock Your Streak's Masterpiece Today!,Boost your fluency with daily practice and expert feedback,Start Your Practice Now,अपनी स्ट्रीक का रचनात्मक मास्टरपीस आज ही खोलें!,दैनिक अभ्यास और विशेषज्ञ सलाह से अपनी भाषा कौशल को बढ़ाएं,आज शुरू करें,Empowerment,insight_tip,Pronunciation Accuracy,1,0.07666666666666667,0.2333333333333333,0.015,3,NEUTRAL,TPL_SEG_13_THE_LOW_FRICTION_RE_ENGAGEMENT_04
TPL_SEG_13_THE_LOW_FRICTION_RE_ENGAGEMENT_05,SEG_13,Inactive Low-Propensity,inactive,11,The Low-Friction Re-engagement,Day X+,Trigger a single tap on the app's AI Tutor feature with personalized win-back content,Empowerment,Urgent (mild),Unlock Your Streak's Masterpiece Today!,Boost your fluency with AI Tutor and take control of your progress,Tap Now,बि ंगन्तेमिीडिपेवॆनेती,बि ंगन्तेमिीडिपेवॆनेती,बि ंगन्तेमिीडिपेवॆनेती,Empowerment,challenge,Streaks,1,0.07666666666666667,0.2333333333333333,0.015,3,NEUTRAL,TPL_SEG_13_THE_LOW_FRICTION_RE_ENGAGEMENT_05
