template_id,segment_id,segment_name,lifecycle_stage,phase_number,phase_name,day_range,primary_goal,theme,tone,title_en,body_en,cta_en,title_hi,body_hi,cta_hi,hook_type,format_type,feature_ref,iteration
TPL_SEG_01_PREMIUM_AFFIRMATION_01,SEG_01,High-Active Power Users,paid,4,Premium Affirmation,Days 8â€“10,Validate the purchase decision and reinforce identity as a committed user within the first 72 hours post-conversion,Epic Meaning,Motivational,Start Today's Session,Three minutes is all it takes. Open now and keep your streak alive.,Open Now,à¤†à¤œ à¤•à¥€ à¤¸à¥‡à¤¶à¤¨ à¤¶à¥à¤°à¥‚ à¤•à¤°à¥‡à¤‚,à¤¤à¥€à¤¨ à¤®à¤¿à¤¨à¤Ÿ à¤¹à¥ˆ à¤¸à¤¬ à¤•à¥à¤›à¥¤ à¤…à¤¬ à¤–à¥à¤²à¥‡à¤‚ à¤”à¤° à¤…à¤ªà¤¨à¥‡ à¤¸à¥à¤Ÿà¥à¤°à¥€à¤• à¤•à¥‹ à¤œà¥€à¤µà¤¿à¤¤ à¤°à¤–à¥‡à¤‚à¥¤,à¤…à¤¬ à¤–à¥‹à¤²à¥‡à¤‚,Epic Meaning,direct_cta,Sia â€” AI Speaking Partner,0
TPL_SEG_01_PREMIUM_AFFIRMATION_02,SEG_01,High-Active Power Users,paid,4,Premium Affirmation,Days 8â€“10,Validate the purchase decision and reinforce identity as a committed user within the first 72 hours post-conversion,Epic Meaning,Motivational,Ready to beat yesterday?,Your last score was 72. Can you top it in 5 minutes today?,Beat Yesterday,à¤†à¤œ à¤•à¥€ à¤¤à¥à¤²à¤¨à¤¾ à¤•à¤°à¥‡à¤‚?,à¤†à¤ªà¤•à¥‡ à¤ªà¤¿à¤›à¤²à¥‡ à¤¸à¥à¤•à¥‹à¤° à¤¥à¥‡ 72à¥¤ à¤†à¤œ à¤•à¥‡ 5 à¤®à¤¿à¤¨à¤Ÿ à¤®à¥‡à¤‚ à¤‡à¤¸à¥‡ à¤ªà¤¾à¤° à¤•à¤° à¤¸à¤•à¤¤à¥‡ à¤¹à¥ˆà¤‚?,à¤†à¤œ à¤•à¥‹ à¤ªà¤¾à¤° à¤•à¤°à¥‡à¤‚,Epic Meaning,question_hook,Role-Based Scenarios,0
TPL_SEG_01_PREMIUM_AFFIRMATION_03,SEG_01,High-Active Power Users,paid,4,Premium Affirmation,Days 8â€“10,Validate the purchase decision and reinforce identity as a committed user within the first 72 hours post-conversion,Epic Meaning,Motivational,"1,400 learners practiced today",Don't fall behind â€” your peers are moving forward. Join them now.,Join Now,à¤†à¤œ à¤•à¥‹ 1400 à¤¸à¥€à¤–à¤¨à¥‡ à¤µà¤¾à¤²à¥‹à¤‚ à¤¨à¥‡ à¤…à¤­à¥à¤¯à¤¾à¤¸ à¤•à¤¿à¤¯à¤¾ à¤¹à¥ˆ,à¤…à¤ªà¤¨à¥‡ à¤¦à¥‹à¤¸à¥à¤¤à¥‹à¤‚ à¤•à¥€ à¤“à¤° à¤®à¥à¤¡à¤¼à¥‡à¤‚ â€” à¤‰à¤¨à¤•à¥‡ à¤ªà¥€à¤›à¥‡ à¤¬à¤¢à¤¼ à¤°à¤¹à¥‡ à¤¹à¥ˆà¤‚à¥¤ à¤…à¤¬ à¤¶à¤¾à¤®à¤¿à¤² à¤¹à¥‹à¤‚.,à¤…à¤¬ à¤¶à¤¾à¤®à¤¿à¤² à¤¹à¥‹à¤‚,Epic Meaning,social_proof,Leaderboard,0
TPL_SEG_01_PREMIUM_AFFIRMATION_04,SEG_01,High-Active Power Users,paid,4,Premium Affirmation,Days 8â€“10,Validate the purchase decision and reinforce identity as a committed user within the first 72 hours post-conversion,Epic Meaning,Motivational,Tip: 10 min daily beats 2 hr weekly,Consistency builds fluency. One short session now keeps progress compounding.,Start Now,à¤Ÿà¤¿à¤ª: à¤¦à¥ˆà¤¨à¤¿à¤• 10 à¤®à¤¿à¤¨à¤Ÿ à¤•à¥€ à¤¤à¥à¤²à¤¨à¤¾ 2 à¤˜à¤‚à¤Ÿà¥‡ à¤¸à¤¾à¤ªà¥à¤¤à¤¾à¤¹à¤¿à¤• à¤¸à¥‡ à¤¬à¤¢à¤¼à¤¤à¥€ à¤¹à¥ˆ,à¤¨à¤¿à¤°à¤‚à¤¤à¤°à¤¤à¤¾ à¤­à¤¾à¤·à¤£ à¤•à¥€ à¤—à¥à¤£à¤µà¤¤à¥à¤¤à¤¾ à¤¬à¤¨à¤¾à¤¤à¥€ à¤¹à¥ˆà¥¤ à¤à¤• à¤›à¥‹à¤Ÿà¥€ à¤¸à¥€ à¤¸à¥‡à¤¶à¤¨ à¤…à¤¬ à¤ªà¥à¤°à¤—à¤¤à¤¿ à¤•à¥‹ à¤œà¥‹à¤¡à¤¼à¤¤à¤¾ à¤¹à¥ˆà¥¤,à¤…à¤¬ à¤¶à¥à¤°à¥‚ à¤•à¤°à¥‡à¤‚,Epic Meaning,insight_tip,Pronunciation Engine,0
TPL_SEG_01_PREMIUM_AFFIRMATION_05,SEG_01,High-Active Power Users,paid,4,Premium Affirmation,Days 8â€“10,Validate the purchase decision and reinforce identity as a committed user within the first 72 hours post-conversion,Epic Meaning,Motivational,Day 5 Challenge Unlocked,You're on a roll â€” tackle today's challenge to unlock your next badge.,Tackle Now,à¤†à¤œ à¤•à¥€ à¤šà¥à¤¨à¥Œà¤¤à¥€ à¤¸à¤¾à¤ªà¥à¤¤à¤¾à¤¹à¤¿à¤• 5à¤µà¥‡à¤‚ à¤¦à¤¿à¤¨ à¤¹à¥ˆ,à¤†à¤ªà¤•à¥‡ à¤ªà¤¾à¤¸ à¤šà¤² à¤°à¤¹à¤¾ à¤¹à¥ˆ â€” à¤†à¤œ à¤•à¥€ à¤šà¥à¤¨à¥Œà¤¤à¥€ à¤•à¥‹ à¤ªà¥‚à¤°à¤¾ à¤•à¤°à¤•à¥‡ à¤…à¤ªà¤¨à¥‡ à¤…à¤—à¤²à¥‡ à¤¬à¥ˆà¤œ à¤•à¥‹ à¤–à¥‹à¤²à¥‡à¤‚à¥¤,à¤…à¤¬ à¤‡à¤¸à¥‡ à¤ªà¥‚à¤°à¤¾ à¤•à¤°à¥‡à¤‚,Epic Meaning,challenge,Streak Protection,0
TPL_SEG_01_DEEP_IMMERSION_01,SEG_01,High-Active Power Users,paid,5,Deep Immersion,Days 11â€“15,Drive deep feature adoption among high-activity power users by unlocking high-value features that improve long-term retention.,Empowerment,Friendly,Start Today's Session,Three minutes is all it takes. Open now and keep your streak alive.,Open Now,à¤†à¤œ à¤•à¥€ à¤¸à¥‡à¤¶à¤¨ à¤¶à¥à¤°à¥‚ à¤•à¤°à¥‡à¤‚,à¤¤à¥€à¤¨ à¤®à¤¿à¤¨à¤Ÿà¥‹à¤‚ à¤•à¤¾ à¤¸à¤¬ à¤•à¥à¤›à¥¤ à¤…à¤¬ à¤–à¥à¤²à¥‡à¤‚ à¤”à¤° à¤…à¤ªà¤¨à¥‡ à¤¸à¥à¤Ÿà¥à¤°à¥€à¤• à¤²à¤¾à¤‡à¤« à¤•à¥‹ à¤¬à¤¨à¤¾à¤ à¤°à¤–à¥‡à¤‚à¥¤,à¤…à¤¬ à¤–à¥‹à¤²à¥‡à¤‚,Epic Meaning,direct_cta,Sia â€” AI Speaking Partner,0
TPL_SEG_01_DEEP_IMMERSION_02,SEG_01,High-Active Power Users,paid,5,Deep Immersion,Days 11â€“15,Drive deep feature adoption among high-activity power users by unlocking high-value features that improve long-term retention.,Empowerment,Friendly,Ready to Beat Yesterday?,Your last score was 72. Can you top it in 5 minutes today?,Beat Today,à¤†à¤œ à¤•à¥‡ à¤¬à¤¾à¤¦ à¤¸à¥‡ à¤¤à¥ˆà¤¯à¤¾à¤° à¤¹à¥‹ à¤œà¤¾à¤à¤‚,à¤†à¤ªà¤•à¥€ à¤ªà¤¿à¤›à¤²à¥€ à¤¸à¥à¤•à¥‹à¤° à¤¥à¥€ 72à¥¤ à¤†à¤œ 5 à¤®à¤¿à¤¨à¤Ÿ à¤®à¥‡à¤‚ à¤‡à¤¸à¥‡ à¤Ÿà¥‰à¤ª à¤•à¤° à¤¸à¤•à¤¤à¥‡ à¤¹à¥ˆà¤‚?,à¤†à¤œ à¤•à¥‹ à¤¹à¤°à¤¾ à¤¦à¥‡à¤‚,Empowerment,question_hook,Role-Based Scenarios,0
TPL_SEG_01_DEEP_IMMERSION_03,SEG_01,High-Active Power Users,paid,5,Deep Immersion,Days 11â€“15,Drive deep feature adoption among high-activity power users by unlocking high-value features that improve long-term retention.,Empowerment,Friendly,"1,400 Learners Practiced Today",Don't fall behind â€” your peers are moving forward. Join them now.,Join Now,à¤†à¤œ à¤•à¥‹ 1400 à¤¸à¥‡ à¤…à¤§à¤¿à¤• à¤²à¥‹à¤—à¥‹à¤‚ à¤¨à¥‡ à¤…à¤­à¥à¤¯à¤¾à¤¸ à¤•à¤¿à¤¯à¤¾ à¤¹à¥ˆ,à¤…à¤ªà¤¨à¥‡ à¤¦à¥‹à¤¸à¥à¤¤à¥‹à¤‚ à¤•à¥€ à¤“à¤° à¤¦à¥‡à¤–à¤¤à¥‡ à¤°à¤¹à¥‡à¤‚ â€” à¤µà¥‡ à¤†à¤—à¥‡ à¤¬à¤¢à¤¼ à¤°à¤¹à¥‡ à¤¹à¥ˆà¤‚à¥¤ à¤…à¤¬ à¤¶à¤¾à¤®à¤¿à¤² à¤¹à¥‹à¤‚.,à¤…à¤¬ à¤¶à¤¾à¤®à¤¿à¤² à¤¹à¥‹à¤‚,Empowerment,social_proof,Leaderboard,0
TPL_SEG_01_DEEP_IMMERSION_04,SEG_01,High-Active Power Users,paid,5,Deep Immersion,Days 11â€“15,Drive deep feature adoption among high-activity power users by unlocking high-value features that improve long-term retention.,Empowerment,Friendly,Tip: 10 min daily beats 2 hr weekly,Consistency builds fluency. One short session now keeps progress compounding.,Start Now,à¤Ÿà¤¿à¤ª: à¤¦à¥ˆà¤¨à¤¿à¤• 10 à¤®à¤¿à¤¨à¤Ÿ à¤•à¥€ à¤¤à¥à¤²à¤¨à¤¾ 2 à¤˜à¤‚à¤Ÿà¥‡ à¤¸à¤¾à¤ªà¥à¤¤à¤¾à¤¹à¤¿à¤• à¤¸à¥‡ à¤¬à¤¢à¤¼ à¤œà¤¾à¤¤à¤¾ à¤¹à¥ˆ,à¤¸à¥à¤¥à¤¿à¤°à¤¤à¤¾ à¤­à¤¾à¤·à¤£ à¤•à¥à¤·à¤®à¤¤à¤¾ à¤¬à¤¨à¤¾à¤¤à¥€ à¤¹à¥ˆà¥¤ à¤à¤• à¤›à¥‹à¤Ÿà¥€ à¤¸à¥‡à¤¶à¤¨ à¤…à¤¬ à¤ªà¥à¤°à¤—à¤¤à¤¿ à¤•à¥‹ à¤œà¥‹à¤¡à¤¼à¤¤à¤¾ à¤¹à¥ˆà¥¤ à¤¶à¥à¤°à¥‚ à¤•à¤°à¥‡à¤‚.,à¤¶à¥à¤°à¥‚ à¤•à¤°à¥‡à¤‚,Empowerment,insight_tip,Pronunciation Engine,0
TPL_SEG_01_DEEP_IMMERSION_05,SEG_01,High-Active Power Users,paid,5,Deep Immersion,Days 11â€“15,Drive deep feature adoption among high-activity power users by unlocking high-value features that improve long-term retention.,Empowerment,Friendly,Day 5 Challenge Unlocked,You're on a roll â€” tackle today's challenge to unlock your next badge.,Tackle Now,à¤†à¤œ à¤•à¥€ à¤¸à¥‡à¤¶à¤¨ à¤šà¥à¤¨à¥Œà¤¤à¥€ à¤–à¥à¤² à¤—à¤ˆ à¤¹à¥ˆ,à¤†à¤ªà¤•à¥‡ à¤ªà¤¾à¤¸ à¤à¤• à¤°à¥‹à¤² à¤¹à¥ˆ â€” à¤†à¤œ à¤•à¥€ à¤šà¥à¤¨à¥Œà¤¤à¥€ à¤•à¥‹ à¤¹à¤² à¤•à¤°à¤•à¥‡ à¤…à¤ªà¤¨à¥‡ à¤…à¤—à¤²à¥‡ à¤¬à¥ˆà¤œ à¤•à¥‹ à¤–à¥‹à¤²à¥‡à¤‚à¥¤,à¤…à¤¬ à¤‡à¤¸à¥‡ à¤¹à¤² à¤•à¤°à¥‡à¤‚,Empowerment,challenge,General,0
TPL_SEG_01_SOCIAL___EXPANSION_DRIVE_01,SEG_01,High-Active Power Users,paid,6,Social & Expansion Drive,Days 16â€“20,Increase monthly retention by 10% among high-activity power users (SEG_01) through social & expansion drive phase,Epic Meaning,Motivational,Start Today's Session,Three minutes is all it takes. Open now and keep your streak alive.,Open Now,à¤†à¤œ à¤•à¥€ à¤¸à¥‡à¤¶à¤¨ à¤¶à¥à¤°à¥‚ à¤•à¤°à¥‡à¤‚,à¤¤à¥€à¤¨ à¤®à¤¿à¤¨à¤Ÿ à¤¹à¥ˆ à¤¸à¤¬ à¤•à¥à¤›à¥¤ à¤…à¤¬ à¤–à¥à¤²à¥‹ à¤”à¤° à¤…à¤ªà¤¨à¥‡ à¤¸à¥à¤Ÿà¥à¤°à¥€à¤• à¤•à¥‹ à¤œà¥€à¤µà¤¿à¤¤ à¤°à¤–à¥‹à¥¤,à¤…à¤¬ à¤–à¥‹à¤²à¥‡à¤‚,Epic Meaning,direct_cta,Sia â€” AI Speaking Partner,0
TPL_SEG_01_SOCIAL___EXPANSION_DRIVE_02,SEG_01,High-Active Power Users,paid,6,Social & Expansion Drive,Days 16â€“20,Increase monthly retention by 10% among high-activity power users (SEG_01) through social & expansion drive phase,Epic Meaning,Motivational,Ready to beat yesterday?,Your last score was 72. Can you top it in 5 minutes today?,Try Now,à¤†à¤œ à¤•à¥€ à¤¸à¥‡à¤¶à¤¨ à¤¶à¥à¤°à¥‚ à¤•à¤°à¥‡à¤‚,à¤†à¤ªà¤•à¤¾ à¤ªà¤¿à¤›à¤²à¤¾ à¤¸à¥à¤•à¥‹à¤° à¤¥à¤¾ 72à¥¤ à¤†à¤œ 5 à¤®à¤¿à¤¨à¤Ÿ à¤®à¥‡à¤‚ à¤‡à¤¸à¥‡ à¤¤à¥‹à¤¡à¤¼ à¤¸à¤•à¤¤à¥‡ à¤¹à¥ˆà¤‚?,à¤…à¤¬ à¤†à¤œà¤®à¤¾à¤à¤‚,Epic Meaning,question_hook,Role-Based Scenarios,0
TPL_SEG_01_SOCIAL___EXPANSION_DRIVE_03,SEG_01,High-Active Power Users,paid,6,Social & Expansion Drive,Days 16â€“20,Increase monthly retention by 10% among high-activity power users (SEG_01) through social & expansion drive phase,Epic Meaning,Motivational,"1,400 learners practiced today",Don't fall behind â€” your peers are moving forward. Join them now.,Join Now,à¤†à¤œ à¤•à¥€ à¤¸à¥‡à¤¶à¤¨ à¤¶à¥à¤°à¥‚ à¤•à¤°à¥‡à¤‚,à¤…à¤ªà¤¨à¥‡ à¤¦à¥‹à¤¸à¥à¤¤à¥‹à¤‚ à¤•à¥‹ à¤ªà¥€à¤›à¥‡ à¤¨ à¤›à¥‹à¤¡à¤¼à¥‡à¤‚ â€” à¤†à¤ªà¤•à¥‡ à¤¸à¤¹à¤ªà¤¾à¤ à¤¿à¤¯à¥‹à¤‚ à¤•à¥€ à¤“à¤° à¤¬à¤¢à¤¼ à¤°à¤¹à¥‡ à¤¹à¥ˆà¤‚à¥¤ à¤‰à¤¨à¥à¤¹à¥‡à¤‚ à¤…à¤¬ à¤¶à¤¾à¤®à¤¿à¤² à¤•à¤°à¥‡à¤‚à¥¤,à¤…à¤¬ à¤¶à¤¾à¤®à¤¿à¤² à¤•à¤°à¥‡à¤‚,Epic Meaning,social_proof,Leaderboard,0
TPL_SEG_01_SOCIAL___EXPANSION_DRIVE_04,SEG_01,High-Active Power Users,paid,6,Social & Expansion Drive,Days 16â€“20,Increase monthly retention by 10% among high-activity power users (SEG_01) through social & expansion drive phase,Epic Meaning,Motivational,Tip: 10 min daily beats 2 hr weekly,Consistency builds fluency. One short session now keeps progress compounding.,Learn More,à¤¤à¤¿à¤ªà¥à¤ªà¤£à¥€: à¤¦à¥ˆà¤¨à¤¿à¤• 10 à¤®à¤¿à¤¨à¤Ÿ à¤¬à¥‡à¤¹à¤¤à¤° à¤¹à¥ˆ 2 à¤˜à¤‚à¤Ÿà¥‡ à¤¸à¤¾à¤ªà¥à¤¤à¤¾à¤¹à¤¿à¤•,à¤¸à¥à¤¥à¤¿à¤°à¤¤à¤¾ à¤­à¤¾à¤·à¤£ à¤•à¥à¤·à¤®à¤¤à¤¾ à¤¬à¤¨à¤¾à¤¤à¥€ à¤¹à¥ˆà¥¤ à¤à¤• à¤›à¥‹à¤Ÿà¥€ à¤¸à¥‡à¤¶à¤¨ à¤…à¤¬ à¤ªà¥à¤°à¤—à¤¤à¤¿ à¤¬à¤¢à¤¼à¤¾à¤¤à¥€ à¤°à¤¹à¤¤à¥€ à¤¹à¥ˆà¥¤ à¤…à¤§à¤¿à¤• à¤œà¤¾à¤¨à¥‡à¤‚.,à¤…à¤§à¤¿à¤• à¤œà¤¾à¤¨à¥‡,Epic Meaning,insight_tip,Pronunciation Engine,0
TPL_SEG_01_SOCIAL___EXPANSION_DRIVE_05,SEG_01,High-Active Power Users,paid,6,Social & Expansion Drive,Days 16â€“20,Increase monthly retention by 10% among high-activity power users (SEG_01) through social & expansion drive phase,Epic Meaning,Motivational,Day 5 Challenge Unlocked,You're on a roll â€” tackle today's challenge to unlock your next badge.,Take On Challenge,à¤¦à¤¿à¤¨ 5 à¤šà¥ˆà¤²à¥‡à¤‚à¤œ à¤…à¤Ÿà¥ˆà¤š à¤•à¤¿à¤¯à¤¾ à¤—à¤¯à¤¾ à¤¹à¥ˆ,à¤†à¤ªà¤•à¥€ à¤—à¤¤à¤¿ à¤®à¥‡à¤‚ à¤¹à¥ˆ â€” à¤†à¤œ à¤•à¥‡ à¤šà¥ˆà¤²à¥‡à¤‚à¤œ à¤•à¥‹ à¤ªà¥‚à¤°à¤¾ à¤•à¤°à¥‡à¤‚ à¤”à¤° à¤…à¤—à¤²à¥‡ à¤¬à¥ˆà¤œ à¤•à¥‹ à¤–à¥‹à¤²à¥‡à¤‚à¥¤,à¤šà¥ˆà¤²à¥‡à¤‚à¤œ à¤ªà¤° à¤šà¤²à¤¾à¤à¤‚,Epic Meaning,challenge,Challenge of the Week,0
TPL_SEG_01_OVERCOMING_THE_SLUMP_01,SEG_01,High-Active Power Users,paid,7,Overcoming the Slump,Days 21â€“25,Re-activate high-activity power users with a sense of accomplishment and social influence,Epic Meaning,Motivational,Start Today's Session,Three minutes is all it takes. Open now and keep your streak alive.,Open Now,à¤†à¤œ à¤•à¥€ à¤¸à¥‡à¤¶à¤¨ à¤¶à¥à¤°à¥‚ à¤•à¤°à¥‡à¤‚,à¤¤à¥€à¤¨ à¤®à¤¿à¤¨à¤Ÿ à¤¹à¥€ à¤ªà¤°à¥à¤¯à¤¾à¤ªà¥à¤¤ à¤¹à¥ˆà¥¤ à¤–à¥à¤²à¥‹ à¤”à¤° à¤…à¤ªà¤¨à¥‡ à¤¸à¥à¤Ÿà¥à¤°à¥€à¤• à¤•à¥‹ à¤œà¥€à¤µà¤¿à¤¤ à¤°à¤–à¥‡à¤‚à¥¤,à¤–à¥‹à¤²à¥‡à¤‚,Epic Meaning,direct_cta,Sia â€” AI Speaking Partner,0
TPL_SEG_01_OVERCOMING_THE_SLUMP_02,SEG_01,High-Active Power Users,paid,7,Overcoming the Slump,Days 21â€“25,Re-activate high-activity power users with a sense of accomplishment and social influence,Epic Meaning,Motivational,Ready to beat yesterday?,Your last score was 72. Can you top it in 5 minutes today?,Beat Yesterday,à¤†à¤œ à¤•à¥€ à¤¤à¥à¤²à¤¨à¤¾ à¤•à¤°à¥‡à¤‚?,à¤†à¤ªà¤•à¥‡ à¤ªà¤¿à¤›à¤²à¥‡ à¤¸à¥à¤•à¥‹à¤° à¤•à¤¾ 72 à¤¥à¤¾à¥¤ à¤†à¤œ 5 à¤®à¤¿à¤¨à¤Ÿ à¤®à¥‡à¤‚ à¤‡à¤¸à¥‡ à¤ªà¤¾à¤° à¤•à¤° à¤¸à¤•à¤¤à¥‡ à¤¹à¥ˆà¤‚?,à¤ªà¤¾à¤° à¤•à¤°à¥‡à¤‚,Epic Meaning,question_hook,Role-Based Scenarios,0
TPL_SEG_01_OVERCOMING_THE_SLUMP_03,SEG_01,High-Active Power Users,paid,7,Overcoming the Slump,Days 21â€“25,Re-activate high-activity power users with a sense of accomplishment and social influence,Epic Meaning,Motivational,"1,400 learners practiced today",Don't fall behind â€” your peers are moving forward. Join them now.,Join Now,à¤†à¤œ à¤•à¥‹ 1400 à¤¸à¥€à¤–à¤¨à¥‡ à¤µà¤¾à¤²à¥‹à¤‚ à¤¨à¥‡ à¤ªà¥à¤°à¤¯à¤¾à¤¸ à¤•à¤¿à¤¯à¤¾,à¤…à¤ªà¤¨à¥‡ à¤¦à¥‹à¤¸à¥à¤¤à¥‹à¤‚ à¤•à¥€ à¤“à¤° à¤¬à¤¢à¤¼ à¤°à¤¹à¥‡ à¤¹à¥ˆà¤‚à¥¤ à¤‰à¤¨à¥à¤¹à¥‡à¤‚ à¤¶à¤¾à¤®à¤¿à¤² à¤¹à¥‹à¤¨à¥‡ à¤•à¥‡ à¤²à¤¿à¤ à¤†à¤œ à¤®à¤¿à¤²à¥‡à¤‚à¥¤,à¤†à¤œ à¤®à¤¿à¤²à¥‡à¤‚,Epic Meaning,social_proof,Leaderboard,0
TPL_SEG_01_OVERCOMING_THE_SLUMP_04,SEG_01,High-Active Power Users,paid,7,Overcoming the Slump,Days 21â€“25,Re-activate high-activity power users with a sense of accomplishment and social influence,Epic Meaning,Motivational,Tip: 10 min daily beats 2 hr weekly,Consistency builds fluency. One short session now keeps progress compounding.,Start Now,à¤Ÿà¤¿à¤ªà¥à¤ªà¤£à¥€: à¤¦à¥ˆà¤¨à¤¿à¤• 10 à¤®à¤¿à¤¨à¤Ÿ à¤¬à¥‡à¤¹à¤¤à¤° à¤¹à¥ˆà¤‚ 2 à¤˜à¤‚à¤Ÿà¥‡ à¤¸à¤¾à¤ªà¥à¤¤à¤¾à¤¹à¤¿à¤•,à¤¨à¤¿à¤°à¤‚à¤¤à¤°à¤¤à¤¾ à¤­à¤¾à¤·à¤¾à¤‚à¤¤à¤° à¤•à¥‹ à¤¸à¥à¤¥à¤¿à¤° à¤•à¤°à¤¤à¥€ à¤¹à¥ˆà¥¤ à¤à¤• à¤›à¥‹à¤Ÿà¥€ à¤¸à¥€ à¤¸à¥‡à¤¶à¤¨ à¤…à¤¬ à¤ªà¥à¤°à¤—à¤¤à¤¿ à¤•à¥‹ à¤œà¥‹à¤¡à¤¼à¤¤à¥€ à¤¹à¥ˆà¥¤ à¤†à¤œ à¤¶à¥à¤°à¥‚ à¤•à¤°à¥‡à¤‚à¥¤,à¤†à¤œ à¤¶à¥à¤°à¥‚ à¤•à¤°à¥‡à¤‚,Epic Meaning,insight_tip,Pronunciation Engine,0
TPL_SEG_01_OVERCOMING_THE_SLUMP_05,SEG_01,High-Active Power Users,paid,7,Overcoming the Slump,Days 21â€“25,Re-activate high-activity power users with a sense of accomplishment and social influence,Epic Meaning,Motivational,Day 5 Challenge Unlocked,You're on a roll â€” tackle today's challenge to unlock your next badge.,Tackle Now,à¤¦à¤¿à¤¨ 5 à¤šà¥ˆà¤²à¥‡à¤‚à¤œ à¤–à¥à¤²à¤¾,à¤†à¤ªà¤•à¥€ à¤—à¤¤à¤¿ à¤®à¥‡à¤‚ à¤¹à¥ˆ â€” à¤†à¤œ à¤•à¥‡ à¤šà¥ˆà¤²à¥‡à¤‚à¤œ à¤•à¥‹ à¤ªà¥‚à¤°à¤¾ à¤•à¤°à¥‡à¤‚ à¤”à¤° à¤…à¤—à¤²à¥‡ à¤¬à¥ˆà¤œ à¤•à¥‹ à¤–à¥‹à¤²à¥‡à¤‚à¥¤,à¤†à¤œ à¤ªà¥‚à¤°à¤¾ à¤•à¤°à¥‡à¤‚,Epic Meaning,challenge,General,0
TPL_SEG_01_ROI_DEMONSTRATION_01,SEG_01,High-Active Power Users,paid,8,ROI Demonstration,Days 26â€“28,Increase monthly retention by 10% through targeted win-back and re-engagement efforts,Epic Meaning,Motivational,Unlock Your Potential,Boost your confidence with daily practice. Start now!,Open Now,à¤…à¤ªà¤¨à¥‡ à¤¸à¤‚à¤­à¤¾à¤µà¤¨à¤¾à¤“à¤‚ à¤•à¥‹ à¤–à¥‹à¤²à¥‡à¤‚,à¤¦à¥ˆà¤¨à¤¿à¤• à¤…à¤­à¥à¤¯à¤¾à¤¸ à¤¸à¥‡ à¤…à¤ªà¤¨à¥€ à¤†à¤¤à¥à¤®à¤µà¤¿à¤¶à¥à¤µà¤¾à¤¸ à¤¬à¤¢à¤¼à¤¾à¤à¤‚à¥¤ à¤¶à¥à¤°à¥‚ à¤•à¤°à¥‡à¤‚!,à¤†à¤œ à¤¶à¥à¤°à¥‚ à¤•à¤°à¥‡à¤‚,Epic Meaning,direct_cta,Sia â€” AI Speaking Partner,0
TPL_SEG_01_ROI_DEMONSTRATION_02,SEG_01,High-Active Power Users,paid,8,ROI Demonstration,Days 26â€“28,Increase monthly retention by 10% through targeted win-back and re-engagement efforts,Epic Meaning,Motivational,Ready to Beat Yesterday?,Your last score was 72. Can you top it in 5 minutes today?,Start Now,à¤†à¤œ à¤•à¥‡ à¤¬à¤¾à¤¦ à¤•à¥‹ à¤¹à¤°à¤¾à¤¨à¥‡ à¤•à¥‡ à¤²à¤¿à¤ à¤¤à¥ˆà¤¯à¤¾à¤° à¤¹à¥ˆà¤‚?,à¤†à¤ªà¤•à¥€ à¤ªà¤¿à¤›à¤²à¥€ à¤¸à¥à¤•à¥‹à¤° à¤¥à¥€ 72à¥¤ à¤†à¤œ 5 à¤®à¤¿à¤¨à¤Ÿ à¤®à¥‡à¤‚ à¤‡à¤¸à¥‡ à¤ªà¥‚à¤°à¤¾ à¤•à¤° à¤¸à¤•à¤¤à¥‡ à¤¹à¥ˆà¤‚?,à¤†à¤œ à¤¶à¥à¤°à¥‚ à¤•à¤°à¥‡à¤‚,Epic Meaning,question_hook,Role-Based Scenarios,0
TPL_SEG_01_ROI_DEMONSTRATION_03,SEG_01,High-Active Power Users,paid,8,ROI Demonstration,Days 26â€“28,Increase monthly retention by 10% through targeted win-back and re-engagement efforts,Epic Meaning,Motivational,You're on a Roll!,Tackle today's challenge to unlock your next badge.,Take On Challenge,à¤†à¤œ à¤•à¥€ à¤šà¥à¤¨à¥Œà¤¤à¥€ à¤ªà¤° à¤šà¤²à¥‡à¤‚!,à¤†à¤œ à¤•à¥€ à¤šà¥à¤¨à¥Œà¤¤à¥€ à¤ªà¥‚à¤°à¤¾ à¤•à¤°à¥‡à¤‚ à¤”à¤° à¤…à¤—à¤²à¥‡ à¤¬à¥ˆà¤œ à¤•à¥‹ à¤–à¥‹à¤²à¥‡à¤‚à¥¤,à¤†à¤œ à¤•à¥€ à¤šà¥à¤¨à¥Œà¤¤à¥€ à¤²à¥‡à¤‚,Epic Meaning,challenge,Streak System,0
TPL_SEG_01_ROI_DEMONSTRATION_04,SEG_01,High-Active Power Users,paid,8,ROI Demonstration,Days 26â€“28,Increase monthly retention by 10% through targeted win-back and re-engagement efforts,Epic Meaning,Motivational,Tip: 10 min daily beats 2 hr weekly,Consistency builds fluency. One short session now keeps progress compounding.,Learn More,à¤Ÿà¤¿à¤ª: à¤¦à¥ˆà¤¨à¤¿à¤• 10 à¤®à¤¿à¤¨à¤Ÿ à¤•à¥€ à¤¤à¥à¤²à¤¨à¤¾ 2 à¤˜à¤‚à¤Ÿà¥‡ à¤¸à¤¾à¤ªà¥à¤¤à¤¾à¤¹à¤¿à¤• à¤¸à¥‡ à¤¬à¤¢à¤¼à¤¿à¤¯à¤¾ à¤¹à¥ˆ,à¤¨à¤¿à¤°à¤‚à¤¤à¤°à¤¤à¤¾ à¤­à¤¾à¤·à¤£ à¤•à¥à¤·à¤®à¤¤à¤¾ à¤¬à¤¨à¤¾à¤¤à¥€ à¤¹à¥ˆà¥¤ à¤à¤• à¤›à¥‹à¤Ÿà¥€ à¤¸à¥€ à¤¸à¤¤à¥à¤° à¤…à¤¬ à¤ªà¥à¤°à¤—à¤¤à¤¿ à¤•à¥‹ à¤œà¥‹à¤¡à¤¼à¤¤à¤¾ à¤¹à¥ˆà¥¤ à¤…à¤§à¤¿à¤• à¤œà¤¾à¤¨à¥‡à¤‚!,à¤…à¤§à¤¿à¤• à¤œà¤¾à¤¨à¥‡à¤‚,Epic Meaning,insight_tip,Pronunciation Engine,0
TPL_SEG_01_ROI_DEMONSTRATION_05,SEG_01,High-Active Power Users,paid,8,ROI Demonstration,Days 26â€“28,Increase monthly retention by 10% through targeted win-back and re-engagement efforts,Epic Meaning,Motivational,Join the Movement,Thousands of learners transforming their careers with VoiceUp.,Join Now,à¤†à¤‚à¤¦à¥‹à¤²à¤¨ à¤®à¥‡à¤‚ à¤¶à¤¾à¤®à¤¿à¤² à¤¹à¥‹à¤‚,à¤¹à¤œà¤¾à¤°à¥‹à¤‚ à¤›à¤¾à¤¤à¥à¤° à¤…à¤ªà¤¨à¥‡ à¤•à¤°à¤¿à¤¯à¤° à¤•à¥‹ à¤¬à¤¦à¤²à¤¨à¥‡ à¤•à¥‡ à¤²à¤¿à¤ à¤¸à¥à¤ªà¥€à¤•à¥à¤¸à¤•à¥à¤¸ à¤•à¤¾ à¤‰à¤ªà¤¯à¥‹à¤— à¤•à¤° à¤°à¤¹à¥‡ à¤¹à¥ˆà¤‚à¥¤ à¤†à¤œ à¤­à¥€ à¤¶à¤¾à¤®à¤¿à¤² à¤¹à¥‹à¤‚!,à¤†à¤œ à¤¶à¤¾à¤®à¤¿à¤² à¤¹à¥‹à¤‚,Epic Meaning,social_proof,General,0
TPL_SEG_01_RETENTION___RENEWAL_01,SEG_01,High-Active Power Users,paid,9,Retention & Renewal,Days 29â€“30,Secure renewal before subscription lapses with minimal friction,Empowerment,Motivational,Start Today's Session,Three minutes is all it takes. Open now and keep your streak alive.,Open Now,à¤†à¤œ à¤•à¥€ à¤¸à¥‡à¤¶à¤¨ à¤¶à¥à¤°à¥‚ à¤•à¤°à¥‡à¤‚,à¤¤à¥€à¤¨ à¤®à¤¿à¤¨à¤Ÿ à¤¹à¥ˆ à¤¸à¤¬ à¤•à¥à¤›à¥¤ à¤–à¥‹à¤²à¥‡à¤‚ à¤”à¤° à¤…à¤ªà¤¨à¥‡ à¤¸à¥à¤Ÿà¥à¤°à¥€à¤• à¤•à¥‹ à¤œà¥€à¤µà¤¿à¤¤ à¤°à¤–à¥‡à¤‚à¥¤,à¤–à¥‹à¤²à¥‡à¤‚,Epic Meaning,direct_cta,Sia â€” AI Speaking Partner,0
TPL_SEG_01_RETENTION___RENEWAL_02,SEG_01,High-Active Power Users,paid,9,Retention & Renewal,Days 29â€“30,Secure renewal before subscription lapses with minimal friction,Empowerment,Motivational,Ready to beat yesterday?,Your last score was 72. Can you top it in 5 minutes today?,Start Now,à¤†à¤œ à¤•à¥‡ à¤ªà¤¿à¤›à¤²à¥‡ à¤¦à¤¿à¤¨ à¤¸à¥‡ à¤¬à¥‡à¤¹à¤¤à¤° à¤¹à¥‹à¤¨à¥‡ à¤•à¥‡ à¤²à¤¿à¤ à¤¤à¥ˆà¤¯à¤¾à¤° à¤¹à¥ˆà¤‚?,à¤†à¤ªà¤•à¤¾ à¤…à¤‚à¤¤à¤¿à¤® à¤°à¥‡à¤Ÿà¤¿à¤‚à¤— 72 à¤¥à¤¾à¥¤ à¤†à¤œ 5 à¤®à¤¿à¤¨à¤Ÿ à¤®à¥‡à¤‚ à¤‡à¤¸à¥‡ à¤ªà¥‚à¤°à¤¾ à¤•à¤° à¤¸à¤•à¤¤à¥‡ à¤¹à¥ˆà¤‚?,à¤¶à¥à¤°à¥‚ à¤•à¤°à¥‡à¤‚,Empowerment,question_hook,Role-Based Scenarios,0
TPL_SEG_01_RETENTION___RENEWAL_03,SEG_01,High-Active Power Users,paid,9,Retention & Renewal,Days 29â€“30,Secure renewal before subscription lapses with minimal friction,Empowerment,Motivational,"1,400 learners practiced today",Don't fall behind â€” your peers are moving forward. Join them now.,Join Now,à¤†à¤œ à¤•à¥‹ 1400 à¤¸à¥‡ à¤…à¤§à¤¿à¤• à¤¶à¤¿à¤•à¥à¤·à¤¾à¤°à¥à¤¥à¥€ à¤¨à¥‡ à¤…à¤­à¥à¤¯à¤¾à¤¸ à¤•à¤¿à¤¯à¤¾ à¤¹à¥ˆ,à¤…à¤ªà¤¨à¥‡ à¤¦à¥‹à¤¸à¥à¤¤à¥‹à¤‚ à¤¸à¥‡ à¤ªà¥€à¤›à¥‡ à¤¨à¤¹à¥€à¤‚ à¤ªà¤¡à¤¼à¥‡à¤‚ â€” à¤µà¥‡ à¤†à¤—à¥‡ à¤¬à¤¢à¤¼ à¤°à¤¹à¥‡ à¤¹à¥ˆà¤‚à¥¤ à¤‰à¤¨à¥à¤¹à¥‡à¤‚ à¤…à¤¬ à¤œà¥à¤¡à¤¼à¥‡à¤‚à¥¤,à¤œà¥à¤¡à¤¼,Empowerment,social_proof,Leaderboard,0
TPL_SEG_01_RETENTION___RENEWAL_04,SEG_01,High-Active Power Users,paid,9,Retention & Renewal,Days 29â€“30,Secure renewal before subscription lapses with minimal friction,Empowerment,Motivational,Tip: 10 min daily beats 2 hr weekly,Consistency builds fluency. One short session now keeps progress compounding.,Start Now,à¤Ÿà¤¿à¤ªà¥à¤ªà¤£à¥€: à¤¦à¥ˆà¤¨à¤¿à¤• 10 à¤®à¤¿à¤¨à¤Ÿ à¤•à¥‡ à¤¸à¥‡à¤¶à¤¨ 2 à¤˜à¤‚à¤Ÿà¥‡ à¤•à¥€ à¤¹à¤«à¥à¤¤à¥‡à¤µà¤¾à¤°à¥€ à¤¸à¥‡ à¤¬à¥‡à¤¹à¤¤à¤° à¤¹à¥ˆ,à¤¨à¤¿à¤°à¤‚à¤¤à¤°à¤¤à¤¾ à¤­à¤¾à¤·à¤¾ à¤•à¥€ à¤¤à¤¾à¤•à¤¤ à¤¬à¤¨à¤¾à¤¤à¥€ à¤¹à¥ˆà¥¤ à¤à¤• à¤›à¥‹à¤Ÿà¤¾ à¤¸à¤¾ à¤¸à¤¤à¥à¤° à¤…à¤¬ à¤ªà¥à¤°à¤—à¤¤à¤¿ à¤•à¥‹ à¤œà¥‹à¤¡à¤¼à¤¤à¤¾ à¤¹à¥ˆà¥¤,à¤¶à¥à¤°à¥‚ à¤•à¤°à¥‡à¤‚,Empowerment,insight_tip,Pronunciation Engine,0
TPL_SEG_01_RETENTION___RENEWAL_05,SEG_01,High-Active Power Users,paid,9,Retention & Renewal,Days 29â€“30,Secure renewal before subscription lapses with minimal friction,Empowerment,Motivational,Day 5 Challenge Unlocked,You're on a roll â€” tackle today's challenge to unlock your next badge.,Take On Challenge,à¤¦à¤¿à¤¨ 5 à¤•à¤¾ à¤šà¥ˆà¤²à¥‡à¤‚à¤œ à¤–à¥à¤² à¤—à¤¯à¤¾ à¤¹à¥ˆ,à¤†à¤ªà¤•à¥€ à¤—à¤¤à¤¿ à¤®à¥‡à¤‚ à¤¹à¥ˆà¤‚ â€” à¤†à¤œ à¤•à¥‡ à¤šà¥ˆà¤²à¥‡à¤‚à¤œ à¤•à¥‹ à¤ªà¥‚à¤°à¤¾ à¤•à¤°à¥‡à¤‚ à¤¤à¤¾à¤•à¤¿ à¤…à¤—à¤²à¥‡ à¤¬à¥ˆà¤œ à¤•à¥‹ à¤–à¥‹à¤² à¤¸à¤•à¥‡à¤‚à¥¤,à¤šà¥ˆà¤²à¥‡à¤‚à¤œ à¤²à¥‡à¤‚,Empowerment,challenge,Streak Protection,0
TPL_SEG_04_PREMIUM_AFFIRMATION_01,SEG_04,Moderate-Active Feature Enthusiasts,paid,4,Premium Affirmation,Days 8â€“10,Validate the purchase decision and unlock premium features immediately,Epic Meaning,Motivational,Start Today's Session,Three minutes is all it takes. Open now and keep your streak alive.,Open Now,à¤†à¤œ à¤•à¥€ à¤¸à¥‡à¤¶à¤¨ à¤¶à¥à¤°à¥‚ à¤•à¤°à¥‡à¤‚,à¤¤à¥€à¤¨ à¤®à¤¿à¤¨à¤Ÿ à¤¹à¥€ à¤ªà¤°à¥à¤¯à¤¾à¤ªà¥à¤¤ à¤¹à¥ˆà¤‚à¥¤ à¤…à¤¬ à¤–à¥à¤²à¥‡à¤‚ à¤”à¤° à¤…à¤ªà¤¨à¥‡ à¤¸à¥à¤Ÿà¥à¤°à¥€à¤• à¤•à¥‹ à¤œà¥€à¤µà¤¿à¤¤ à¤°à¤–à¥‡à¤‚à¥¤,à¤…à¤¬ à¤–à¥‹à¤²à¥‡à¤‚,Epic Meaning,direct_cta,general,0
TPL_SEG_04_PREMIUM_AFFIRMATION_02,SEG_04,Moderate-Active Feature Enthusiasts,paid,4,Premium Affirmation,Days 8â€“10,Validate the purchase decision and unlock premium features immediately,Epic Meaning,Motivational,Ready to beat yesterday?,Your last score was 72. Can you top it in 5 minutes today?,Beat Today,à¤†à¤œ à¤•à¥‹ à¤ªà¤¿à¤›à¤²à¥‡ à¤•à¥€ à¤ªà¤°à¤¾à¤œà¤¿à¤¤ à¤•à¤°à¥‡à¤‚,à¤†à¤ªà¤•à¤¾ à¤…à¤‚à¤¤à¤¿à¤® à¤¸à¥à¤•à¥‹à¤° à¤¥à¤¾ 72à¥¤ à¤†à¤œ à¤•à¥‡ 5 à¤®à¤¿à¤¨à¤Ÿ à¤®à¥‡à¤‚ à¤‡à¤¸à¥‡ à¤¤à¥‹à¤¡à¤¼ à¤¸à¤•à¤¤à¥‡ à¤¹à¥ˆà¤‚?,à¤†à¤œ à¤•à¥‹ à¤¹à¤°à¤¾à¤à¤‚,Epic Meaning,question_hook,general,0
TPL_SEG_04_PREMIUM_AFFIRMATION_03,SEG_04,Moderate-Active Feature Enthusiasts,paid,4,Premium Affirmation,Days 8â€“10,Validate the purchase decision and unlock premium features immediately,Epic Meaning,Motivational,"1,400 learners practiced today",Don't fall behind â€” your peers are moving forward. Join them now.,Join Now,à¤†à¤œ à¤•à¥‹ 1400 à¤¸à¥€à¤–à¤¨à¥‡ à¤µà¤¾à¤²à¥‹à¤‚ à¤¨à¥‡ à¤…à¤­à¥à¤¯à¤¾à¤¸ à¤•à¤¿à¤¯à¤¾,à¤…à¤ªà¤¨à¥‡ à¤¦à¥‹à¤¸à¥à¤¤à¥‹à¤‚ à¤•à¥€ à¤“à¤° à¤¬à¤¢à¤¼ à¤°à¤¹à¥‡ à¤¹à¥ˆà¤‚à¥¤ à¤‰à¤¨à¥à¤¹à¥‡à¤‚ à¤…à¤¬ à¤¶à¤¾à¤®à¤¿à¤² à¤¹à¥‹à¤‚.,à¤…à¤¬ à¤¶à¤¾à¤®à¤¿à¤² à¤¹à¥‹à¤‚,Epic Meaning,social_proof,general,0
TPL_SEG_04_PREMIUM_AFFIRMATION_04,SEG_04,Moderate-Active Feature Enthusiasts,paid,4,Premium Affirmation,Days 8â€“10,Validate the purchase decision and unlock premium features immediately,Epic Meaning,Motivational,Tip: 10 min daily beats 2 hr weekly,Consistency builds fluency. One short session now keeps progress compounding.,Start Now,à¤Ÿà¤¿à¤ª: à¤¦à¥ˆà¤¨à¤¿à¤• 10 à¤®à¤¿à¤¨à¤Ÿ à¤•à¥€ à¤¤à¥à¤²à¤¨à¤¾ 2 à¤˜à¤‚à¤Ÿà¥‡ à¤¸à¤¾à¤ªà¥à¤¤à¤¾à¤¹à¤¿à¤• à¤¸à¥‡ à¤¬à¤¢à¤¼à¤¤à¥€ à¤¹à¥ˆ,à¤¸à¥à¤¥à¤¿à¤°à¤¤à¤¾ à¤­à¤¾à¤·à¤£ à¤•à¥à¤·à¤®à¤¤à¤¾ à¤¬à¤¨à¤¾à¤¤à¥€ à¤¹à¥ˆà¥¤ à¤à¤• à¤›à¥‹à¤Ÿà¥€ à¤¸à¥‡à¤¶à¤¨ à¤…à¤¬ à¤ªà¥à¤°à¤—à¤¤à¤¿ à¤œà¥‹à¤¡à¤¼à¤¤à¥€ à¤¹à¥ˆà¥¤,à¤…à¤¬ à¤¶à¥à¤°à¥‚ à¤•à¤°à¥‡à¤‚,Epic Meaning,insight_tip,general,0
TPL_SEG_04_PREMIUM_AFFIRMATION_05,SEG_04,Moderate-Active Feature Enthusiasts,paid,4,Premium Affirmation,Days 8â€“10,Validate the purchase decision and unlock premium features immediately,Epic Meaning,Motivational,Day 5 Challenge Unlocked,You're on a roll â€” tackle today's challenge to unlock your next badge.,Tackle Today,à¤†à¤œ à¤•à¥€ à¤šà¥à¤¨à¥Œà¤¤à¥€ à¤¸à¥à¤µà¥€à¤•à¤¾à¤° à¤•à¤°à¥‡à¤‚,à¤†à¤ªà¤•à¥€ à¤°à¥‹à¤² à¤®à¥‡à¤‚ à¤¹à¥ˆà¤‚ â€” à¤†à¤œ à¤•à¥€ à¤šà¥à¤¨à¥Œà¤¤à¥€ à¤•à¥‹ à¤…à¤ªà¤¨à¥‡ à¤…à¤—à¤²à¥‡ à¤¬à¥ˆà¤œ à¤•à¥‹ à¤¸à¤•à¥à¤·à¤® à¤•à¤°à¤¨à¥‡ à¤•à¥‡ à¤²à¤¿à¤ à¤ªà¥‚à¤°à¤¾ à¤•à¤°à¥‡à¤‚à¥¤,à¤†à¤œ à¤•à¥€ à¤šà¥à¤¨à¥Œà¤¤à¥€ à¤¸à¥à¤µà¥€à¤•à¤¾à¤° à¤•à¤°à¥‡à¤‚,Epic Meaning,challenge,general,0
TPL_SEG_04_DEEP_IMMERSION_01,SEG_04,Moderate-Active Feature Enthusiasts,paid,5,Deep Immersion,Days 11â€“15,Increase monthly retention by 10% through targeted engagement and feature adoption,Empowerment,Motivational,Start Today's Session,Three minutes is all it takes. Open now and keep your streak alive.,Open Now,à¤†à¤œ à¤•à¥€ à¤¸à¥‡à¤¶à¤¨ à¤¶à¥à¤°à¥‚ à¤•à¤°à¥‡à¤‚,à¤¤à¥€à¤¨ à¤®à¤¿à¤¨à¤Ÿ à¤¹à¥ˆ à¤¸à¤¬ à¤•à¥à¤›à¥¤ à¤–à¥‹à¤²à¥‡à¤‚ à¤”à¤° à¤…à¤ªà¤¨à¥‡ à¤¸à¥à¤Ÿà¥à¤°à¥€à¤• à¤²à¤¾à¤‡à¤« à¤•à¥‹ à¤œà¤¾à¤°à¥€ à¤°à¤–à¥‡à¤‚à¥¤,à¤–à¥‹à¤²à¥‡à¤‚,Epic Meaning,direct_cta,Sia â€” AI Speaking Partner,0
TPL_SEG_04_DEEP_IMMERSION_02,SEG_04,Moderate-Active Feature Enthusiasts,paid,5,Deep Immersion,Days 11â€“15,Increase monthly retention by 10% through targeted engagement and feature adoption,Empowerment,Motivational,Ready to beat yesterday?,Your last score was 72. Can you top it in 5 minutes today?,Start Now,à¤†à¤œ à¤•à¥€ à¤¸à¥‡à¤¶à¤¨ à¤¶à¥à¤°à¥‚ à¤•à¤°à¥‡à¤‚,à¤†à¤ªà¤•à¤¾ à¤…à¤‚à¤¤à¤¿à¤® à¤¸à¥à¤•à¥‹à¤° à¤¥à¤¾ 72à¥¤ à¤†à¤œ à¤•à¥‡ 5 à¤®à¤¿à¤¨à¤Ÿ à¤®à¥‡à¤‚ à¤‡à¤¸à¥‡ à¤ªà¤¾à¤° à¤•à¤° à¤¸à¤•à¤¤à¥‡ à¤¹à¥ˆà¤‚?,à¤¶à¥à¤°à¥‚ à¤•à¤°à¥‡à¤‚,Empowerment,question_hook,Role-Based Scenarios,0
TPL_SEG_04_DEEP_IMMERSION_03,SEG_04,Moderate-Active Feature Enthusiasts,paid,5,Deep Immersion,Days 11â€“15,Increase monthly retention by 10% through targeted engagement and feature adoption,Empowerment,Motivational,"1,400 learners practiced today",Don't fall behind â€” your peers are moving forward. Join them now.,Join Now,à¤†à¤œ à¤•à¥‡ à¤¦à¤¿à¤¨ 1400 à¤¸à¥€à¤–à¤¨à¥‡ à¤µà¤¾à¤²à¥‹à¤‚ à¤¨à¥‡ à¤…à¤­à¥à¤¯à¤¾à¤¸ à¤•à¤¿à¤¯à¤¾ à¤¹à¥ˆ,à¤…à¤ªà¤¨à¥‡ à¤¦à¥‹à¤¸à¥à¤¤à¥‹à¤‚ à¤¸à¥‡ à¤ªà¥€à¤›à¥‡ à¤¨à¤¹à¥€à¤‚ à¤ªà¤¡à¤¼à¥‡à¤‚ â€” à¤‰à¤¨à¤•à¥€ à¤“à¤° à¤¬à¤¢à¤¼ à¤°à¤¹à¥‡ à¤¹à¥ˆà¤‚à¥¤ à¤‰à¤¨à¥à¤¹à¥‡à¤‚ à¤…à¤¬ à¤¶à¤¾à¤®à¤¿à¤² à¤•à¤°à¥‡à¤‚à¥¤,à¤…à¤¬ à¤¶à¤¾à¤®à¤¿à¤² à¤•à¤°à¥‡à¤‚,Empowerment,social_proof,Leaderboard,0
TPL_SEG_04_DEEP_IMMERSION_04,SEG_04,Moderate-Active Feature Enthusiasts,paid,5,Deep Immersion,Days 11â€“15,Increase monthly retention by 10% through targeted engagement and feature adoption,Empowerment,Motivational,Tip: 10 min daily beats 2 hr weekly,Consistency builds fluency. One short session now keeps progress compounding.,Start Now,à¤¸à¥à¤à¤¾à¤µ: à¤¦à¥ˆà¤¨à¤¿à¤• 10 à¤®à¤¿à¤¨à¤Ÿ à¤…à¤§à¤¿à¤• à¤ªà¥à¤°à¤­à¤¾à¤µà¥€ à¤¹à¥ˆà¤‚ 2 à¤˜à¤‚à¤Ÿà¥‡ à¤¸à¤¾à¤ªà¥à¤¤à¤¾à¤¹à¤¿à¤•,à¤¨à¤¿à¤°à¤‚à¤¤à¤°à¤¤à¤¾ à¤­à¤¾à¤·à¤£ à¤•à¥Œà¤¶à¤² à¤¬à¤¨à¤¾à¤¤à¥€ à¤¹à¥ˆà¥¤ à¤à¤• à¤›à¥‹à¤Ÿà¥€ à¤¸à¥€ à¤¸à¥‡à¤¶à¤¨ à¤…à¤¬ à¤¤à¥‡à¤œà¥€ à¤¸à¥‡ à¤ªà¥à¤°à¤—à¤¤à¤¿ à¤¬à¤¢à¤¼à¤¾à¤¤à¤¾ à¤¹à¥ˆà¥¤,à¤¶à¥à¤°à¥‚ à¤•à¤°à¥‡à¤‚,Empowerment,insight_tip,Pronunciation Engine,0
TPL_SEG_04_DEEP_IMMERSION_05,SEG_04,Moderate-Active Feature Enthusiasts,paid,5,Deep Immersion,Days 11â€“15,Increase monthly retention by 10% through targeted engagement and feature adoption,Empowerment,Motivational,Day 5 Challenge Unlocked,You're on a roll â€” tackle today's challenge to unlock your next badge.,Tackle Now,à¤¦à¤¿à¤¨ 5 à¤šà¥ˆà¤²à¥‡à¤‚à¤œ à¤–à¥à¤²à¤¾ à¤¹à¥ˆ,à¤†à¤ªà¤•à¥€ à¤Ÿà¥à¤°à¥‡à¤¨à¤¿à¤‚à¤— à¤®à¥‡à¤‚ à¤¸à¥à¤§à¤¾à¤° à¤¹à¥‹ à¤°à¤¹à¤¾ à¤¹à¥ˆà¥¤ à¤†à¤œ à¤•à¥‡ à¤šà¥ˆà¤²à¥‡à¤‚à¤œ à¤•à¥‹ à¤ªà¥‚à¤°à¤¾ à¤•à¤°à¥‡à¤‚ à¤”à¤° à¤…à¤—à¤²à¥‡ à¤¬à¥ˆà¤œ à¤•à¥‹ à¤–à¥‹à¤²à¥‡à¤‚à¥¤,à¤…à¤¬ à¤ªà¥‚à¤°à¤¾ à¤•à¤°à¥‡à¤‚,Empowerment,challenge,General,0
TPL_SEG_04_SOCIAL___EXPANSION_DRIVE_01,SEG_04,Moderate-Active Feature Enthusiasts,paid,6,Social & Expansion Drive,Days 16â€“20,Increase Monthly Retention by 10% through Social Influence and Loss Avoidance,Epic Meaning,Motivational,Start Today's Session,Three minutes is all it takes. Open now and keep your streak alive.,Open Now,à¤†à¤œ à¤•à¥€ à¤¸à¥‡à¤¶à¤¨ à¤¶à¥à¤°à¥‚ à¤•à¤°à¥‡à¤‚,à¤¤à¥€à¤¨ à¤®à¤¿à¤¨à¤Ÿ à¤¹à¥ˆ à¤¸à¤¬ à¤•à¥à¤›à¥¤ à¤…à¤¬ à¤–à¥à¤²à¥‹ à¤”à¤° à¤…à¤ªà¤¨à¥‡ à¤¸à¥à¤Ÿà¥à¤°à¥€à¤• à¤•à¥‹ à¤œà¥€à¤µà¤¿à¤¤ à¤°à¤–à¥‹à¥¤,à¤…à¤¬ à¤–à¥‹à¤²à¥‡à¤‚,Epic Meaning,direct_cta,Sia â€” AI Speaking Partner,0
TPL_SEG_04_SOCIAL___EXPANSION_DRIVE_02,SEG_04,Moderate-Active Feature Enthusiasts,paid,6,Social & Expansion Drive,Days 16â€“20,Increase Monthly Retention by 10% through Social Influence and Loss Avoidance,Epic Meaning,Motivational,Ready to beat yesterday?,Your last score was 72. Can you top it in 5 minutes today?,Start Now,à¤†à¤œ à¤•à¥€ à¤¸à¥‡à¤¶à¤¨ à¤¶à¥à¤°à¥‚ à¤•à¤°à¥‡à¤‚,à¤†à¤ªà¤•à¤¾ à¤ªà¤¿à¤›à¤²à¤¾ à¤¸à¥à¤•à¥‹à¤° à¤¥à¤¾ 72à¥¤ à¤†à¤œ à¤•à¥‡ 5 à¤®à¤¿à¤¨à¤Ÿ à¤®à¥‡à¤‚ à¤‡à¤¸à¥‡ à¤¤à¥‹à¤¡à¤¼ à¤¸à¤•à¤¤à¥‡ à¤¹à¥ˆà¤‚?,à¤…à¤¬ à¤¶à¥à¤°à¥‚ à¤•à¤°à¥‡à¤‚,Epic Meaning,question_hook,Role-Based Scenarios,0
TPL_SEG_04_SOCIAL___EXPANSION_DRIVE_03,SEG_04,Moderate-Active Feature Enthusiasts,paid,6,Social & Expansion Drive,Days 16â€“20,Increase Monthly Retention by 10% through Social Influence and Loss Avoidance,Epic Meaning,Motivational,"1,400 learners practiced today",Don't fall behind â€” your peers are moving forward. Join them now.,Join Now,à¤†à¤œ à¤•à¥€ à¤¸à¥‡à¤¶à¤¨ à¤¶à¥à¤°à¥‚ à¤•à¤°à¥‡à¤‚,à¤…à¤ªà¤¨à¥‡ à¤¦à¥‹à¤¸à¥à¤¤à¥‹à¤‚ à¤•à¥‹ à¤ªà¥€à¤›à¥‡ à¤¨à¤¹à¥€à¤‚ à¤›à¥‹à¤¡à¤¼à¥‡à¤‚à¥¤ à¤‰à¤¨à¥à¤¹à¥‡à¤‚ à¤†à¤—à¥‡ à¤¬à¤¢à¤¼à¤¾à¤à¤‚à¥¤ à¤…à¤¬ à¤–à¥à¤²à¥‹à¥¤,à¤…à¤¬ à¤–à¥‹à¤²à¥‡à¤‚,Epic Meaning,social_proof,Leaderboard,0
TPL_SEG_04_SOCIAL___EXPANSION_DRIVE_04,SEG_04,Moderate-Active Feature Enthusiasts,paid,6,Social & Expansion Drive,Days 16â€“20,Increase Monthly Retention by 10% through Social Influence and Loss Avoidance,Epic Meaning,Motivational,Tip: 10 min daily beats 2 hr weekly,Consistency builds fluency. One short session now keeps progress compounding.,Start Now,à¤†à¤œ à¤•à¥€ à¤¸à¥‡à¤¶à¤¨ à¤¶à¥à¤°à¥‚ à¤•à¤°à¥‡à¤‚,à¤¨à¤¿à¤¯à¤®à¤¿à¤¤à¤¤à¤¾ à¤­à¤¾à¤·à¤¾ à¤•à¥€ à¤¤à¤¾à¤•à¤¤ à¤¬à¤¨à¤¾à¤¤à¥€ à¤¹à¥ˆà¥¤ à¤à¤• à¤›à¥‹à¤Ÿà¥€ à¤¸à¥‡ à¤¸à¥‡à¤¶à¤¨ à¤®à¥‡à¤‚ à¤…à¤¬ à¤–à¥à¤²à¥‹à¥¤,à¤…à¤¬ à¤¶à¥à¤°à¥‚ à¤•à¤°à¥‡à¤‚,Epic Meaning,insight_tip,Pronunciation Engine,0
TPL_SEG_04_SOCIAL___EXPANSION_DRIVE_05,SEG_04,Moderate-Active Feature Enthusiasts,paid,6,Social & Expansion Drive,Days 16â€“20,Increase Monthly Retention by 10% through Social Influence and Loss Avoidance,Epic Meaning,Motivational,Day 5 Challenge Unlocked,You're on a roll â€” tackle today's challenge to unlock your next badge.,Start Now,à¤†à¤œ à¤•à¥€ à¤¸à¥‡à¤¶à¤¨ à¤¶à¥à¤°à¥‚ à¤•à¤°à¥‡à¤‚,à¤†à¤ªà¤•à¥€ à¤°à¥‹à¤² à¤®à¥‡à¤‚ à¤¹à¥ˆ â€” à¤†à¤œ à¤•à¥‡ à¤šà¥ˆà¤²à¥‡à¤‚à¤œ à¤•à¥‹ à¤ªà¥‚à¤°à¤¾ à¤•à¤°à¤•à¥‡ à¤…à¤ªà¤¨à¥‡ à¤…à¤—à¤²à¥‡ à¤¬à¥ˆà¤œ à¤•à¥‹ à¤–à¥à¤²à¤¾à¤à¤‚.,à¤…à¤¬ à¤¶à¥à¤°à¥‚ à¤•à¤°à¥‡à¤‚,Epic Meaning,challenge,Streak Protection,0
TPL_SEG_04_OVERCOMING_THE_SLUMP_01,SEG_04,Moderate-Active Feature Enthusiasts,paid,7,Overcoming the Slump,Days 21â€“25,Re-activate users with a sense of accomplishment and loss avoidance,Epic Meaning,Motivational,Start Your Day with a Boost,Unlock your full potential with daily speaking practice. Open now and keep your streak alive.,Open Now,à¤†à¤œ à¤•à¥€ à¤¶à¥à¤°à¥à¤†à¤¤ à¤à¤• à¤¬à¤¢à¤¼à¤¾à¤µà¤¾ à¤¸à¥‡ à¤•à¤°à¥‡à¤‚,à¤¦à¥ˆà¤¨à¤¿à¤• à¤¬à¤¾à¤¤à¤šà¥€à¤¤ à¤…à¤­à¥à¤¯à¤¾à¤¸ à¤¸à¥‡ à¤…à¤ªà¤¨à¤¾ à¤ªà¥‚à¤°à¥à¤£ à¤¸à¤‚à¤­à¤¾à¤µà¤¨à¤¾ à¤–à¥‹à¤œà¥‡à¤‚à¥¤ à¤…à¤¬ à¤–à¥‹à¤²à¥‡à¤‚ à¤”à¤° à¤…à¤ªà¤¨à¥€ à¤¸à¥à¤Ÿà¥à¤°à¥€à¤• à¤²à¤¾à¤‡à¤« à¤®à¥‡à¤‚ à¤œà¤¾à¤°à¥€ à¤°à¤–à¥‡à¤‚.,à¤…à¤¬ à¤–à¥‹à¤²à¥‡à¤‚,Epic Meaning,direct_cta,Sia â€” AI Speaking Partner,0
TPL_SEG_04_OVERCOMING_THE_SLUMP_02,SEG_04,Moderate-Active Feature Enthusiasts,paid,7,Overcoming the Slump,Days 21â€“25,Re-activate users with a sense of accomplishment and loss avoidance,Epic Meaning,Motivational,Ready to Beat Yesterday?,Your last score was 72. Can you top it in 5 minutes today?,Start Now,à¤†à¤œ à¤•à¥‹ à¤ªà¤¿à¤›à¤²à¥‡ à¤•à¥€ à¤¤à¥à¤²à¤¨à¤¾ à¤®à¥‡à¤‚ à¤¬à¥‡à¤¹à¤¤à¤° à¤¬à¤¨à¤¾à¤à¤‚,à¤†à¤ªà¤•à¤¾ à¤…à¤‚à¤¤à¤¿à¤® à¤¸à¥à¤•à¥‹à¤° 72 à¤¥à¤¾à¥¤ à¤†à¤œ 5 à¤®à¤¿à¤¨à¤Ÿ à¤®à¥‡à¤‚ à¤‡à¤¸à¥‡ à¤¬à¤¢à¤¼à¤¾ à¤¸à¤•à¤¤à¥‡ à¤¹à¥ˆà¤‚?,à¤…à¤¬ à¤¶à¥à¤°à¥‚ à¤•à¤°à¥‡à¤‚,Epic Meaning,question_hook,Role-Based Scenarios,0
TPL_SEG_04_OVERCOMING_THE_SLUMP_03,SEG_04,Moderate-Active Feature Enthusiasts,paid,7,Overcoming the Slump,Days 21â€“25,Re-activate users with a sense of accomplishment and loss avoidance,Epic Meaning,Motivational,"1,400 Learners Practiced Today",Don't fall behind â€” your peers are moving forward. Join them now.,Join Now,à¤†à¤œ 1400 à¤²à¥‹à¤—à¥‹à¤‚ à¤¨à¥‡ à¤…à¤­à¥à¤¯à¤¾à¤¸ à¤•à¤¿à¤¯à¤¾ à¤¹à¥ˆ,à¤…à¤ªà¤¨à¥‡ à¤¦à¥‹à¤¸à¥à¤¤à¥‹à¤‚ à¤¸à¥‡ à¤†à¤—à¥‡ à¤¨à¤¹à¥€à¤‚ à¤ªà¤¡à¤¼à¤¨à¥‡ à¤¦à¥‡à¤‚ â€” à¤†à¤ªà¤•à¥‡ à¤¸à¤¹à¤ªà¤¾à¤ à¥€ à¤†à¤—à¥‡ à¤¬à¤¢à¤¼ à¤°à¤¹à¥‡ à¤¹à¥ˆà¤‚à¥¤ à¤…à¤¬ à¤¶à¤¾à¤®à¤¿à¤² à¤¹à¥‹à¤‚.,à¤…à¤¬ à¤¶à¤¾à¤®à¤¿à¤² à¤¹à¥‹à¤‚,Epic Meaning,social_proof,Leaderboard,0
TPL_SEG_04_OVERCOMING_THE_SLUMP_04,SEG_04,Moderate-Active Feature Enthusiasts,paid,7,Overcoming the Slump,Days 21â€“25,Re-activate users with a sense of accomplishment and loss avoidance,Epic Meaning,Motivational,Tip: 10 Min Daily Beats 2 Hr Weekly,Consistency builds fluency. One short session now keeps progress compounding.,Start Now,à¤Ÿà¤¿à¤ª: 10 à¤®à¤¿à¤¨à¤Ÿ à¤¦à¥ˆà¤¨à¤¿à¤• 2 à¤˜à¤‚à¤Ÿà¥‡ à¤¸à¤¾à¤ªà¥à¤¤à¤¾à¤¹à¤¿à¤• à¤•à¥‹ à¤¹à¤°à¤¾ à¤¸à¤•à¤¤à¥‡ à¤¹à¥ˆà¤‚,à¤¨à¤¿à¤°à¤‚à¤¤à¤°à¤¤à¤¾ à¤­à¤¾à¤·à¤£ à¤•à¥€ fluency à¤¬à¤¨à¤¾à¤¤à¥€ à¤¹à¥ˆà¥¤ à¤…à¤¬ à¤à¤• à¤›à¥‹à¤Ÿà¥€ à¤¸à¥€ à¤¸à¥‡à¤¶à¤¨ à¤¶à¥à¤°à¥‚ à¤•à¤°à¥‡à¤‚ à¤”à¤° à¤ªà¥à¤°à¤—à¤¤à¤¿ à¤œà¤¾à¤°à¥€ à¤°à¤–à¥‡à¤‚à¥¤,à¤…à¤¬ à¤¶à¥à¤°à¥‚ à¤•à¤°à¥‡à¤‚,Epic Meaning,insight_tip,Daily Speaking Drills,0
TPL_SEG_04_OVERCOMING_THE_SLUMP_05,SEG_04,Moderate-Active Feature Enthusiasts,paid,7,Overcoming the Slump,Days 21â€“25,Re-activate users with a sense of accomplishment and loss avoidance,Epic Meaning,Motivational,Day 5 Challenge Unlocked,You're on a roll â€” tackle today's challenge to unlock your next badge.,Start Now,à¤¦à¤¿à¤¨ 5 à¤šà¥à¤¨à¥Œà¤¤à¥€ à¤–à¥à¤² à¤—à¤ˆ à¤¹à¥ˆ,à¤†à¤ªà¤•à¥€ à¤°à¥‹à¤² à¤®à¥‡à¤‚ à¤¹à¥ˆà¤‚ â€” à¤†à¤œ à¤•à¥€ à¤šà¥à¤¨à¥Œà¤¤à¥€ à¤¸à¥‡ à¤†à¤—à¥‡ à¤¬à¤¢à¤¼à¤•à¤° à¤…à¤ªà¤¨à¥€ à¤…à¤—à¤²à¥€ à¤¬à¥ˆà¤œ à¤–à¥‹à¤œà¥‡à¤‚à¥¤,à¤…à¤¬ à¤¶à¥à¤°à¥‚ à¤•à¤°à¥‡à¤‚,Epic Meaning,challenge,Streak Protection,0
TPL_SEG_04_ROI_DEMONSTRATION_01,SEG_04,Moderate-Active Feature Enthusiasts,paid,8,ROI Demonstration,Days 26â€“28,Increase monthly retention by 5% among leaderboard-viewed users,Empowerment,Urgent (mild),Start Today's Session,Three minutes is all it takes. Open now and keep your streak alive.,Open Now,à¤†à¤œ à¤•à¥€ à¤¸à¥‡à¤¶à¤¨ à¤¶à¥à¤°à¥‚ à¤•à¤°à¥‡à¤‚,à¤¤à¥€à¤¨ à¤®à¤¿à¤¨à¤Ÿ à¤¹à¥€ à¤ªà¤°à¥à¤¯à¤¾à¤ªà¥à¤¤ à¤¹à¥ˆà¤‚à¥¤ à¤…à¤¬ à¤–à¥à¤²à¥‡à¤‚ à¤”à¤° à¤…à¤ªà¤¨à¥‡ à¤¸à¥à¤Ÿà¥à¤°à¥€à¤• à¤²à¤¾à¤‡à¤µ à¤°à¤–à¥‡à¤‚à¥¤,à¤…à¤¬ à¤–à¥‹à¤²à¥‡à¤‚,Epic Meaning,direct_cta,general,0
TPL_SEG_04_ROI_DEMONSTRATION_02,SEG_04,Moderate-Active Feature Enthusiasts,paid,8,ROI Demonstration,Days 26â€“28,Increase monthly retention by 5% among leaderboard-viewed users,Empowerment,Urgent (mild),Ready to beat yesterday?,Your last score was 72. Can you top it in 5 minutes today?,Start Now,à¤†à¤œ à¤•à¥€ à¤¸à¥‡à¤¶à¤¨ à¤¶à¥à¤°à¥‚ à¤•à¤°à¥‡à¤‚,à¤†à¤ªà¤•à¤¾ à¤ªà¤¿à¤›à¤²à¤¾ à¤°à¤¿à¤•à¥‰à¤°à¥à¤¡ à¤¥à¤¾ 72à¥¤ à¤†à¤œ à¤¤à¥‹ à¤†à¤ª à¤‡à¤¸à¥‡ 5 à¤®à¤¿à¤¨à¤Ÿ à¤®à¥‡à¤‚ à¤Ÿà¥‰à¤ª à¤•à¤° à¤¸à¤•à¤¤à¥‡ à¤¹à¥ˆà¤‚?,à¤¶à¥à¤°à¥‚ à¤•à¤°à¥‡à¤‚,Empowerment,question_hook,general,0
TPL_SEG_04_ROI_DEMONSTRATION_03,SEG_04,Moderate-Active Feature Enthusiasts,paid,8,ROI Demonstration,Days 26â€“28,Increase monthly retention by 5% among leaderboard-viewed users,Empowerment,Urgent (mild),"1,400 learners practiced today",Don't fall behind â€” your peers are moving forward. Join them now.,Join Now,à¤†à¤œ à¤•à¥€ à¤¸à¥‡à¤¶à¤¨ à¤¶à¥à¤°à¥‚ à¤•à¤°à¥‡à¤‚,à¤…à¤ªà¤¨à¥‡ à¤¦à¥‹à¤¸à¥à¤¤à¥‹à¤‚ à¤•à¥‹ à¤ªà¥€à¤›à¥‡ à¤¨à¤¹à¥€à¤‚ à¤›à¥‹à¤¡à¤¼à¥‡à¤‚ â€” à¤†à¤ªà¤•à¥‡ à¤¦à¥‹à¤¸à¥à¤¤ à¤†à¤—à¥‡ à¤¬à¤¢à¤¼ à¤°à¤¹à¥‡ à¤¹à¥ˆà¤‚à¥¤ à¤…à¤¬ à¤‰à¤¨à¥à¤¹à¥‡à¤‚ à¤¶à¤¾à¤®à¤¿à¤² à¤•à¤°à¥‡à¤‚à¥¤,à¤…à¤¬ à¤¶à¤¾à¤®à¤¿à¤² à¤•à¤°à¥‡à¤‚,Empowerment,social_proof,general,0
TPL_SEG_04_ROI_DEMONSTRATION_04,SEG_04,Moderate-Active Feature Enthusiasts,paid,8,ROI Demonstration,Days 26â€“28,Increase monthly retention by 5% among leaderboard-viewed users,Empowerment,Urgent (mild),Tip: 10 min daily beats 2 hr weekly,Consistency builds fluency. One short session now keeps progress compounding.,Start Now,à¤†à¤œ à¤•à¥€ à¤¸à¥‡à¤¶à¤¨ à¤¶à¥à¤°à¥‚ à¤•à¤°à¥‡à¤‚,à¤¨à¤¿à¤°à¤‚à¤¤à¤°à¤¤à¤¾ à¤­à¤¾à¤·à¤£ à¤•à¥€ à¤¤à¤¾à¤•à¤¤ à¤¬à¤¨à¤¾à¤¤à¥€ à¤¹à¥ˆà¥¤ à¤à¤• à¤›à¥‹à¤Ÿà¥‡ à¤¸à¥‡ à¤¸à¤¤à¥à¤° à¤…à¤¬ à¤ªà¥à¤°à¤—à¤¤à¤¿ à¤•à¥‹ à¤œà¥‹à¤¡à¤¼à¤¤à¤¾ à¤¹à¥ˆà¥¤,à¤¶à¥à¤°à¥‚ à¤•à¤°à¥‡à¤‚,Empowerment,insight_tip,general,0
TPL_SEG_04_ROI_DEMONSTRATION_05,SEG_04,Moderate-Active Feature Enthusiasts,paid,8,ROI Demonstration,Days 26â€“28,Increase monthly retention by 5% among leaderboard-viewed users,Empowerment,Urgent (mild),Day 5 Challenge Unlocked,You're on a roll â€” tackle today's challenge to unlock your next badge.,Tackle Now,à¤†à¤œ à¤•à¥€ à¤¸à¥‡à¤¶à¤¨ à¤¶à¥à¤°à¥‚ à¤•à¤°à¥‡à¤‚,à¤†à¤ªà¤•à¥‡ à¤ªà¤¾à¤¸ à¤à¤• à¤…à¤šà¥à¤›à¤¾ à¤°à¤¿à¤•à¥‰à¤°à¥à¤¡ à¤¹à¥ˆ â€” à¤†à¤œ à¤•à¥€ à¤šà¥à¤¨à¥Œà¤¤à¥€ à¤•à¥‹ à¤ªà¥‚à¤°à¤¾ à¤•à¤°à¤•à¥‡ à¤…à¤ªà¤¨à¥‡ à¤…à¤—à¤²à¥‡ à¤¬à¥ˆà¤œ à¤•à¥‹ à¤–à¥‹à¤²à¥‡à¤‚à¥¤,à¤…à¤¬ à¤‡à¤¸à¥‡ à¤ªà¥‚à¤°à¤¾ à¤•à¤°à¥‡à¤‚,Empowerment,challenge,general,0
TPL_SEG_04_RETENTION___RENEWAL_01,SEG_04,Moderate-Active Feature Enthusiasts,paid,9,Retention & Renewal,Days 29â€“30,Increase Monthly Retention by 10% through targeted win-backs and re-engagement,Empowerment,Friendly,Start Today's Session,Three minutes is all it takes. Open now and keep your streak alive.,Open Now,à¤†à¤œ à¤•à¥€ à¤¸à¥‡à¤¶à¤¨ à¤¶à¥à¤°à¥‚ à¤•à¤°à¥‡à¤‚,à¤¤à¥€à¤¨ à¤®à¤¿à¤¨à¤Ÿ à¤•à¥‡ à¤²à¤¿à¤ à¤ªà¤°à¥à¤¯à¤¾à¤ªà¥à¤¤ à¤¹à¥ˆà¥¤ à¤…à¤¬ à¤–à¥‹à¤²à¥‡à¤‚ à¤”à¤° à¤…à¤ªà¤¨à¥€ à¤¸à¥à¤Ÿà¥à¤°à¥€à¤• à¤•à¥‹ à¤œà¥€à¤µà¤¿à¤¤ à¤°à¤–à¥‡à¤‚à¥¤,à¤…à¤¬ à¤–à¥‹à¤²à¥‡à¤‚,Epic Meaning,direct_cta,Sia â€” AI Speaking Partner,0
TPL_SEG_04_RETENTION___RENEWAL_02,SEG_04,Moderate-Active Feature Enthusiasts,paid,9,Retention & Renewal,Days 29â€“30,Increase Monthly Retention by 10% through targeted win-backs and re-engagement,Empowerment,Friendly,Ready to beat yesterday?,Your last score was 72. Can you top it in 5 minutes today?,Try Now,à¤†à¤œ à¤•à¥€ à¤¤à¥à¤²à¤¨à¤¾ à¤®à¥‡à¤‚ à¤ªà¤¹à¤²à¥‡ à¤¸à¥‡ à¤¬à¥‡à¤¹à¤¤à¤° à¤¹à¥‹à¤¨à¥‡ à¤•à¥‡ à¤²à¤¿à¤ à¤¤à¥ˆà¤¯à¤¾à¤° à¤¹à¥ˆà¤‚?,à¤†à¤ªà¤•à¥€ à¤ªà¤¿à¤›à¤²à¥€ à¤°à¥‡à¤Ÿà¤¿à¤‚à¤— 72 à¤¥à¥€à¥¤ à¤†à¤œ 5 à¤®à¤¿à¤¨à¤Ÿ à¤®à¥‡à¤‚ à¤‡à¤¸à¥‡ à¤ªà¥‚à¤°à¤¾ à¤•à¤° à¤¸à¤•à¤¤à¥‡ à¤¹à¥ˆà¤‚?,à¤…à¤¬ à¤†à¤œ,Empowerment,question_hook,Role-Based Scenarios,0
TPL_SEG_04_RETENTION___RENEWAL_03,SEG_04,Moderate-Active Feature Enthusiasts,paid,9,Retention & Renewal,Days 29â€“30,Increase Monthly Retention by 10% through targeted win-backs and re-engagement,Empowerment,Friendly,"1,400 learners practiced today",Don't fall behind â€” your peers are moving forward. Join them now.,Join Now,à¤†à¤œ à¤•à¥‹ 1400 à¤¸à¥€à¤–à¤¨à¥‡ à¤µà¤¾à¤²à¥‹à¤‚ à¤¨à¥‡ à¤†à¤œ à¤ªà¥à¤°à¤¯à¤¾à¤¸ à¤•à¤¿à¤¯à¤¾ à¤¹à¥ˆ,à¤…à¤ªà¤¨à¥€ à¤ªà¥à¤°à¤¤à¤¿à¤¸à¥à¤ªà¤°à¥à¤§à¤¾ à¤®à¥‡à¤‚ à¤ªà¤¡à¤¼à¤¨à¥‡ à¤¸à¥‡ à¤¬à¤šà¥‡à¤‚ â€” à¤†à¤ªà¤•à¥‡ à¤¦à¥‹à¤¸à¥à¤¤ à¤†à¤—à¥‡ à¤¬à¤¢à¤¼ à¤°à¤¹à¥‡ à¤¹à¥ˆà¤‚à¥¤ à¤‰à¤¨à¥à¤¹à¥‡à¤‚ à¤…à¤¬ à¤¶à¤¾à¤®à¤¿à¤² à¤•à¤°à¥‡à¤‚à¥¤,à¤…à¤¬ à¤†à¤œ,Empowerment,social_proof,Leaderboard,0
TPL_SEG_04_RETENTION___RENEWAL_04,SEG_04,Moderate-Active Feature Enthusiasts,paid,9,Retention & Renewal,Days 29â€“30,Increase Monthly Retention by 10% through targeted win-backs and re-engagement,Empowerment,Friendly,Tip: 10 min daily beats 2 hr weekly,Consistency builds fluency. One short session now keeps progress compounding.,Start Now,à¤Ÿà¤¿à¤ª: à¤¦à¥ˆà¤¨à¤¿à¤• 10 à¤®à¤¿à¤¨à¤Ÿ à¤•à¥€ à¤¤à¥à¤²à¤¨à¤¾ à¤®à¥‡à¤‚ 2 à¤˜à¤‚à¤Ÿà¥‡ à¤•à¥€ à¤¸à¤¾à¤ªà¥à¤¤à¤¾à¤¹à¤¿à¤• à¤ªà¥à¤°à¤¤à¤¿à¤•à¥à¤°à¤¿à¤¯à¤¾ à¤ªà¤° à¤œà¥€à¤¤ à¤¹à¤¾à¤¸à¤¿à¤² à¤•à¤°à¥‡à¤‚,à¤¨à¤¿à¤°à¤‚à¤¤à¤°à¤¤à¤¾ à¤­à¤¾à¤·à¤£ à¤•à¥à¤·à¤®à¤¤à¤¾ à¤¬à¤¨à¤¾à¤¤à¥€ à¤¹à¥ˆà¥¤ à¤à¤• à¤›à¥‹à¤Ÿà¥€ à¤¸à¥€ à¤¸à¥‡à¤¶à¤¨ à¤…à¤¬ à¤ªà¥à¤°à¤—à¤¤à¤¿ à¤•à¥‹ à¤œà¥‹à¤¡à¤¼à¤¤à¥€ à¤¹à¥ˆà¥¤,à¤…à¤¬ à¤†à¤œ,Empowerment,insight_tip,Pronunciation Engine,0
TPL_SEG_04_RETENTION___RENEWAL_05,SEG_04,Moderate-Active Feature Enthusiasts,paid,9,Retention & Renewal,Days 29â€“30,Increase Monthly Retention by 10% through targeted win-backs and re-engagement,Empowerment,Friendly,Day 5 Challenge Unlocked,You're on a roll â€” tackle today's challenge to unlock your next badge.,Take On Challenge,à¤†à¤œ à¤•à¥€ à¤ªà¤¾à¤‚à¤šà¤µà¥€à¤‚ à¤šà¥à¤¨à¥Œà¤¤à¥€ à¤–à¥à¤² à¤—à¤ˆ à¤¹à¥ˆ,à¤†à¤ªà¤•à¥€ à¤—à¤¤à¤¿ à¤®à¥‡à¤‚ à¤¹à¥ˆà¤‚ â€” à¤†à¤œ à¤•à¥€ à¤šà¥à¤¨à¥Œà¤¤à¥€ à¤•à¥‹ à¤¸à¥à¤µà¥€à¤•à¤¾à¤° à¤•à¤°à¥‡à¤‚ à¤”à¤° à¤…à¤—à¤²à¥‡ à¤¬à¥ˆà¤œ à¤•à¥‹ à¤–à¥‹à¤²à¥‡à¤‚à¥¤,à¤†à¤œ à¤•à¥€ à¤šà¥à¤¨à¥Œà¤¤à¥€ à¤²à¥‡à¤‚,Empowerment,challenge,Daily Practice Habit,0
TPL_SEG_06_ACTIVATION___VALUE_DISCOVERY_01,SEG_06,Moderate-Active Trial Activators,trial,1,Activation & Value Discovery,Days 1â€“2,Convert 30% of trial users to monthly paid subscribers within the next 7 days,Epic Meaning,Motivational,Start Today's Session,Three minutes is all it takes. Open now and keep your streak alive.,Open Now,à¤†à¤œ à¤•à¥€ à¤¸à¥‡à¤¶à¤¨ à¤¶à¥à¤°à¥‚ à¤•à¤°à¥‡à¤‚,à¤¤à¥€à¤¨ à¤®à¤¿à¤¨à¤Ÿ à¤¹à¥€ à¤ªà¤°à¥à¤¯à¤¾à¤ªà¥à¤¤ à¤¹à¥ˆà¤‚à¥¤ à¤…à¤¬ à¤–à¥à¤²à¥‡à¤‚ à¤”à¤° à¤…à¤ªà¤¨à¥‡ à¤¸à¥à¤Ÿà¥à¤°à¥€à¤• à¤•à¥‹ à¤œà¥€à¤µà¤¿à¤¤ à¤°à¤–à¥‡à¤‚à¥¤,à¤…à¤¬ à¤–à¥‹à¤²à¥‡à¤‚,Epic Meaning,direct_cta,Sia â€” AI Speaking Partner,0
TPL_SEG_06_ACTIVATION___VALUE_DISCOVERY_02,SEG_06,Moderate-Active Trial Activators,trial,1,Activation & Value Discovery,Days 1â€“2,Convert 30% of trial users to monthly paid subscribers within the next 7 days,Epic Meaning,Motivational,Ready to beat yesterday?,Your last score was 72. Can you top it in 5 minutes today?,Try Now,à¤†à¤œ à¤•à¥€ à¤¤à¥à¤²à¤¨à¤¾ à¤®à¥‡à¤‚ à¤¬à¥‡à¤¹à¤¤à¤° à¤¹à¥‹à¤¨à¥‡ à¤•à¥‡ à¤²à¤¿à¤ à¤¤à¥ˆà¤¯à¤¾à¤° à¤¹à¥ˆà¤‚?,à¤†à¤ªà¤•à¥‡ à¤ªà¤¿à¤›à¤²à¥‡ à¤¸à¥à¤•à¥‹à¤° à¤¥à¤¾ 72à¥¤ à¤†à¤œ à¤•à¥‡ 5 à¤®à¤¿à¤¨à¤Ÿ à¤®à¥‡à¤‚ à¤‡à¤¸à¥‡ à¤ªà¥‚à¤°à¤¾ à¤•à¤° à¤¸à¤•à¤¤à¥‡ à¤¹à¥ˆà¤‚?,à¤…à¤¬ à¤†à¤œ à¤•à¤°à¥‡à¤‚,Epic Meaning,question_hook,Role-Based Scenarios,0
TPL_SEG_06_ACTIVATION___VALUE_DISCOVERY_03,SEG_06,Moderate-Active Trial Activators,trial,1,Activation & Value Discovery,Days 1â€“2,Convert 30% of trial users to monthly paid subscribers within the next 7 days,Epic Meaning,Motivational,"1,400 learners practiced today",Don't fall behind â€” your peers are moving forward. Join them now.,Join Now,à¤†à¤œ à¤•à¥‹ 1400 à¤¸à¥€à¤–à¤¨à¥‡ à¤µà¤¾à¤²à¥‹à¤‚ à¤¨à¥‡ à¤ªà¥à¤°à¤¯à¤¾à¤¸ à¤•à¤¿à¤¯à¤¾ à¤¹à¥ˆ,à¤…à¤ªà¤¨à¥‡ à¤¦à¥‹à¤¸à¥à¤¤à¥‹à¤‚ à¤•à¥€ à¤“à¤° à¤¬à¤¢à¤¼ à¤°à¤¹à¥‡ à¤¹à¥ˆà¤‚à¥¤ à¤‰à¤¨à¥à¤¹à¥‡à¤‚ à¤…à¤¬ à¤¶à¤¾à¤®à¤¿à¤² à¤•à¤°à¥‡à¤‚à¥¤,à¤…à¤¬ à¤¶à¤¾à¤®à¤¿à¤² à¤•à¤°à¥‡à¤‚,Epic Meaning,social_proof,Leaderboard,0
TPL_SEG_06_ACTIVATION___VALUE_DISCOVERY_04,SEG_06,Moderate-Active Trial Activators,trial,1,Activation & Value Discovery,Days 1â€“2,Convert 30% of trial users to monthly paid subscribers within the next 7 days,Epic Meaning,Motivational,Tip: 10 min daily beats 2 hr weekly,Consistency builds fluency. One short session now keeps progress compounding.,Try Now,à¤¸à¥à¤à¤¾à¤µ: à¤¦à¥ˆà¤¨à¤¿à¤• 10 à¤®à¤¿à¤¨à¤Ÿ à¤•à¥€ à¤¤à¥à¤²à¤¨à¤¾ à¤®à¥‡à¤‚ 2 à¤˜à¤‚à¤Ÿà¥‡ à¤¸à¤¾à¤ªà¥à¤¤à¤¾à¤¹à¤¿à¤• à¤¬à¥‡à¤¹à¤¤à¤° à¤¹à¥ˆ,à¤¨à¤¿à¤°à¤‚à¤¤à¤°à¤¤à¤¾ à¤­à¤¾à¤·à¤£ à¤•à¥€ à¤—à¥à¤£à¤µà¤¤à¥à¤¤à¤¾ à¤¬à¤¨à¤¾à¤¤à¥€ à¤¹à¥ˆà¥¤ à¤à¤• à¤›à¥‹à¤Ÿà¥€ à¤¸à¥€ à¤¸à¥‡à¤¶à¤¨ à¤…à¤¬ à¤ªà¥à¤°à¤—à¤¤à¤¿ à¤•à¥‹ à¤œà¥‹à¤¡à¤¼à¤¤à¤¾ à¤¹à¥ˆà¥¤,à¤…à¤¬ à¤†à¤œ à¤•à¤°à¥‡à¤‚,Epic Meaning,insight_tip,Pronunciation Engine,0
TPL_SEG_06_ACTIVATION___VALUE_DISCOVERY_05,SEG_06,Moderate-Active Trial Activators,trial,1,Activation & Value Discovery,Days 1â€“2,Convert 30% of trial users to monthly paid subscribers within the next 7 days,Epic Meaning,Motivational,Day 5 Challenge Unlocked,You're on a roll â€” tackle today's challenge to unlock your next badge.,Tackle Now,à¤¦à¤¿à¤¨ 5 à¤šà¥ˆà¤²à¥‡à¤‚à¤œ à¤•à¥‹ à¤–à¥‹à¤²à¤¾ à¤—à¤¯à¤¾ à¤¹à¥ˆ,à¤†à¤ªà¤•à¥€ à¤°à¥‹à¤² à¤®à¥‡à¤‚ à¤¹à¥ˆà¤‚ â€” à¤†à¤œ à¤•à¥‡ à¤šà¥ˆà¤²à¥‡à¤‚à¤œ à¤•à¥‹ à¤ªà¥‚à¤°à¤¾ à¤•à¤°à¤•à¥‡ à¤…à¤—à¤²à¥‡ à¤¬à¥ˆà¤œ à¤•à¥‹ à¤–à¥à¤²à¤¾à¤à¤‚à¥¤,à¤…à¤¬ à¤†à¤œ à¤•à¤°à¥‡à¤‚,Epic Meaning,challenge,Streak Protection,0
TPL_SEG_06_HABIT_FORMATION___EARLY_ENGAGEMENT_01,SEG_06,Moderate-Active Trial Activators,trial,2,Habit Formation & Early Engagement,Days 3â€“5,Build daily practice habit and establish a streak of â‰¥5 days within the first week,Epic Meaning,Motivational,Start Today's Session,Three minutes is all it takes. Open now and keep your streak alive.,Open Now,à¤†à¤œ à¤•à¥€ à¤¸à¥‡à¤¶à¤¨ à¤¶à¥à¤°à¥‚ à¤•à¤°à¥‡à¤‚,à¤¤à¥€à¤¨ à¤®à¤¿à¤¨à¤Ÿ à¤¹à¥ˆ à¤¸à¤¬ à¤•à¥à¤›à¥¤ à¤…à¤¬ à¤–à¥‹à¤²à¥‡à¤‚ à¤”à¤° à¤…à¤ªà¤¨à¥‡ à¤¸à¥à¤Ÿà¥à¤°à¥€à¤• à¤•à¥‹ à¤œà¥€à¤µà¤¿à¤¤ à¤°à¤–à¥‡à¤‚à¥¤,à¤…à¤¬ à¤–à¥‹à¤²à¥‡à¤‚,Epic Meaning,direct_cta,general,0
TPL_SEG_06_HABIT_FORMATION___EARLY_ENGAGEMENT_02,SEG_06,Moderate-Active Trial Activators,trial,2,Habit Formation & Early Engagement,Days 3â€“5,Build daily practice habit and establish a streak of â‰¥5 days within the first week,Epic Meaning,Motivational,Ready to beat yesterday?,Your last score was 72. Can you top it in 5 minutes today?,Try Now,à¤†à¤œ à¤•à¥€ à¤¤à¥à¤²à¤¨à¤¾ à¤®à¥‡à¤‚ à¤¬à¥‡à¤¹à¤¤à¤° à¤¹à¥‹à¤¨à¥‡ à¤•à¥‡ à¤²à¤¿à¤ à¤¤à¥ˆà¤¯à¤¾à¤° à¤¹à¥ˆà¤‚?,à¤†à¤ªà¤•à¥€ à¤ªà¤¿à¤›à¤²à¥€ à¤¸à¥à¤•à¥‹à¤° à¤¥à¥€ 72à¥¤ à¤†à¤œ 5 à¤®à¤¿à¤¨à¤Ÿ à¤®à¥‡à¤‚ à¤‡à¤¸à¥‡ à¤ªà¥‚à¤°à¤¾ à¤•à¤° à¤¸à¤•à¤¤à¥‡ à¤¹à¥ˆà¤‚?,à¤…à¤¬ à¤†à¤œ,Epic Meaning,question_hook,insight_tip,0
TPL_SEG_06_HABIT_FORMATION___EARLY_ENGAGEMENT_03,SEG_06,Moderate-Active Trial Activators,trial,2,Habit Formation & Early Engagement,Days 3â€“5,Build daily practice habit and establish a streak of â‰¥5 days within the first week,Epic Meaning,Motivational,"1,400 learners practiced today",Don't fall behind â€” your peers are moving forward. Join them now.,Join Now,à¤†à¤œ à¤•à¥‹ 1400 à¤¸à¥€à¤–à¤¨à¥‡ à¤µà¤¾à¤²à¥‹à¤‚ à¤¨à¥‡ à¤…à¤­à¥à¤¯à¤¾à¤¸ à¤•à¤¿à¤¯à¤¾ à¤¹à¥ˆ,à¤…à¤ªà¤¨à¥€ à¤ªà¥€à¤›à¥‹à¤‚ à¤®à¥‡à¤‚ à¤ªà¤¡à¤¼à¤¨à¥‡ à¤¸à¥‡ à¤¬à¤šà¥‡à¤‚ â€” à¤†à¤ªà¤•à¥‡ à¤¦à¥‹à¤¸à¥à¤¤ à¤†à¤—à¥‡ à¤¬à¤¢à¤¼ à¤°à¤¹à¥‡ à¤¹à¥ˆà¤‚à¥¤ à¤‰à¤¨à¥à¤¹à¥‡à¤‚ à¤…à¤¬ à¤¶à¤¾à¤®à¤¿à¤² à¤•à¤°à¥‡à¤‚à¥¤,à¤…à¤¬ à¤¶à¤¾à¤®à¤¿à¤² à¤¹à¥‹,Epic Meaning,social_proof,challenge,0
TPL_SEG_06_HABIT_FORMATION___EARLY_ENGAGEMENT_04,SEG_06,Moderate-Active Trial Activators,trial,2,Habit Formation & Early Engagement,Days 3â€“5,Build daily practice habit and establish a streak of â‰¥5 days within the first week,Epic Meaning,Motivational,Tip: 10 min daily beats 2 hr weekly,Consistency builds fluency. One short session now keeps progress compounding.,Learn More,à¤Ÿà¤¿à¤ª: à¤¦à¥ˆà¤¨à¤¿à¤• 10 à¤®à¤¿à¤¨à¤Ÿ à¤¸à¥‡ à¤¦à¥‹ à¤˜à¤‚à¤Ÿà¥‡ à¤•à¥€ à¤¹à¤«à¥à¤¤à¥‡à¤µà¤¾à¤°à¥€ à¤¹à¤° à¤¸à¤®à¤¯ à¤œà¥€à¤¤à¤¤à¤¾ à¤¹à¥ˆ,à¤¨à¤¿à¤°à¤‚à¤¤à¤°à¤¤à¤¾ à¤­à¤¾à¤·à¤£ à¤•à¥€ à¤ªà¥à¤°à¤µà¥ƒà¤¤à¥à¤¤à¤¿ à¤¬à¤¨à¤¾à¤¤à¥€ à¤¹à¥ˆà¥¤ à¤à¤• à¤›à¥‹à¤Ÿà¥€ à¤¸à¥€ à¤¸à¥‡à¤¶à¤¨ à¤…à¤¬ à¤ªà¥à¤°à¤—à¤¤à¤¿ à¤•à¥‹ à¤¬à¤¢à¤¼à¤¾-à¤šà¤¢à¤¼à¤¾ à¤•à¤° à¤¬à¤¨à¤¾à¤ à¤°à¤–à¥‡à¤‚à¥¤,à¤œà¤¾à¤¨à¤¨à¥‡ à¤•à¥‡ à¤²à¤¿à¤,Epic Meaning,insight_tip,challenge,0
TPL_SEG_06_HABIT_FORMATION___EARLY_ENGAGEMENT_05,SEG_06,Moderate-Active Trial Activators,trial,2,Habit Formation & Early Engagement,Days 3â€“5,Build daily practice habit and establish a streak of â‰¥5 days within the first week,Epic Meaning,Motivational,Day 5 Challenge Unlocked,You're on a roll â€” tackle today's challenge to unlock your next badge.,Take On Challenge,à¤†à¤œ à¤•à¥€ à¤ªà¤¾à¤‚à¤šà¤µà¥€à¤‚ à¤šà¥à¤¨à¥Œà¤¤à¥€ à¤–à¥à¤² à¤—à¤ˆ à¤¹à¥ˆ,à¤†à¤ªà¤•à¤¾ à¤Ÿà¥à¤°à¥ˆà¤• à¤šà¤² à¤°à¤¹à¤¾ à¤¹à¥ˆ â€” à¤†à¤œ à¤•à¥€ à¤šà¥à¤¨à¥Œà¤¤à¥€ à¤•à¥‹ à¤¸à¥à¤µà¥€à¤•à¤¾à¤° à¤•à¤°à¥‡à¤‚ à¤¤à¤¾à¤•à¤¿ à¤…à¤—à¤²à¥‡ à¤¬à¥ˆà¤œ à¤•à¥‹ à¤–à¥‹à¤² à¤¸à¤•à¥‡à¤‚à¥¤,à¤†à¤œ à¤•à¥€ à¤šà¥à¤¨à¥Œà¤¤à¥€ à¤¸à¥à¤µà¥€à¤•à¤¾à¤° à¤•à¤°à¥‡à¤‚,Epic Meaning,challenge,general,0
TPL_SEG_06_THE_CONVERSION_PUSH_01,SEG_06,Moderate-Active Trial Activators,trial,3,The Conversion Push,Days 6â€“7,Convert trial user to monthly paid plan by Day 7 with at least one exercise completed,Empowerment,Urgent (mild),Start Today's Session,Three minutes is all it takes. Open now and keep your streak alive.,Open Now,,,,Epic Meaning,direct_cta,Sia â€” AI Speaking Partner,0
TPL_SEG_06_THE_CONVERSION_PUSH_02,SEG_06,Moderate-Active Trial Activators,trial,3,The Conversion Push,Days 6â€“7,Convert trial user to monthly paid plan by Day 7 with at least one exercise completed,Empowerment,Urgent (mild),Ready to beat yesterday?,Your last score was 72. Can you top it in 5 minutes today?,Start Now,,,,Empowerment,question_hook,Role-Based Scenarios,0
TPL_SEG_06_THE_CONVERSION_PUSH_03,SEG_06,Moderate-Active Trial Activators,trial,3,The Conversion Push,Days 6â€“7,Convert trial user to monthly paid plan by Day 7 with at least one exercise completed,Empowerment,Urgent (mild),"1,400 learners practiced today",Don't fall behind â€” your peers are moving forward. Join them now.,Join Now,,,,Empowerment,social_proof,Leaderboard,0
TPL_SEG_06_THE_CONVERSION_PUSH_04,SEG_06,Moderate-Active Trial Activators,trial,3,The Conversion Push,Days 6â€“7,Convert trial user to monthly paid plan by Day 7 with at least one exercise completed,Empowerment,Urgent (mild),Tip: 10 min daily beats 2 hr weekly,Consistency builds fluency. One short session now keeps progress compounding.,Start Now,,,,Empowerment,insight_tip,Daily Speaking Drills,0
TPL_SEG_06_THE_CONVERSION_PUSH_05,SEG_06,Moderate-Active Trial Activators,trial,3,The Conversion Push,Days 6â€“7,Convert trial user to monthly paid plan by Day 7 with at least one exercise completed,Empowerment,Urgent (mild),Day 5 Challenge Unlocked,You're on a roll â€” tackle today's challenge to unlock your next badge.,Tackle Now,,,,Empowerment,challenge,Streak System,0
TPL_SEG_08_PREMIUM_AFFIRMATION_01,SEG_08,Low-Active At-Risk Paid,paid,4,Premium Affirmation,Days 8â€“10,Increase exercise completion rate by 20% within the first week post-conversion,Empowerment,Motivational,Start Today's Session,Three minutes is all it takes. Open now and keep your streak alive.,Open Now,,,,Epic Meaning,direct_cta,Sia â€” AI Speaking Partner,0
TPL_SEG_08_PREMIUM_AFFIRMATION_02,SEG_08,Low-Active At-Risk Paid,paid,4,Premium Affirmation,Days 8â€“10,Increase exercise completion rate by 20% within the first week post-conversion,Empowerment,Motivational,Ready to beat yesterday?,Your last score was 72. Can you top it in 5 minutes today?,Try Now,,,,Empowerment,question_hook,Role-Based Scenarios,0
TPL_SEG_08_PREMIUM_AFFIRMATION_03,SEG_08,Low-Active At-Risk Paid,paid,4,Premium Affirmation,Days 8â€“10,Increase exercise completion rate by 20% within the first week post-conversion,Empowerment,Motivational,Tip: 10 min daily beats 2 hr weekly,Consistency builds fluency. One short session now keeps progress compounding.,Start Now,,,,Empowerment,insight_tip,Daily Speaking Drills,0
TPL_SEG_08_PREMIUM_AFFIRMATION_04,SEG_08,Low-Active At-Risk Paid,paid,4,Premium Affirmation,Days 8â€“10,Increase exercise completion rate by 20% within the first week post-conversion,Empowerment,Motivational,Day 5 Challenge Unlocked,You're on a roll â€” tackle today's challenge to unlock your next badge.,Claim Now,,,,Empowerment,challenge,Streak System,0
TPL_SEG_08_PREMIUM_AFFIRMATION_05,SEG_08,Low-Active At-Risk Paid,paid,4,Premium Affirmation,Days 8â€“10,Increase exercise completion rate by 20% within the first week post-conversion,Empowerment,Motivational,Your Progress Awaits,Check your progress report to see how far you've come.,View Report,,,,Loss Avoidance,social_proof,Progress Intelligence,0
TPL_SEG_08_DEEP_IMMERSION_01,SEG_08,Low-Active At-Risk Paid,paid,5,Deep Immersion,Days 11â€“15,Improve monthly retention by increasing exercise completion rate among Low-Active At-Risk Paid users,Empowerment,Friendly,Keep going â€” your progress awaits!,You're making great strides. One session today keeps your streak alive.,Start Now,Chalo aage badho!,"Tumhari mehnat rang la rahi hai. Aaj ek session karo, streak bachao.",Abhi Shuru Karo,Empowerment,direct_cta,general,0
TPL_SEG_08_DEEP_IMMERSION_02,SEG_08,Low-Active At-Risk Paid,paid,5,Deep Immersion,Days 11â€“15,Improve monthly retention by increasing exercise completion rate among Low-Active At-Risk Paid users,Empowerment,Friendly,Keep going â€” your progress awaits!,You're making great strides. One session today keeps your streak alive.,Start Now,Chalo aage badho!,"Tumhari mehnat rang la rahi hai. Aaj ek session karo, streak bachao.",Abhi Shuru Karo,Empowerment,question_hook,general,0
TPL_SEG_08_DEEP_IMMERSION_03,SEG_08,Low-Active At-Risk Paid,paid,5,Deep Immersion,Days 11â€“15,Improve monthly retention by increasing exercise completion rate among Low-Active At-Risk Paid users,Empowerment,Friendly,Keep going â€” your progress awaits!,You're making great strides. One session today keeps your streak alive.,Start Now,Chalo aage badho!,"Tumhari mehnat rang la rahi hai. Aaj ek session karo, streak bachao.",Abhi Shuru Karo,Empowerment,social_proof,general,0
TPL_SEG_08_DEEP_IMMERSION_04,SEG_08,Low-Active At-Risk Paid,paid,5,Deep Immersion,Days 11â€“15,Improve monthly retention by increasing exercise completion rate among Low-Active At-Risk Paid users,Empowerment,Friendly,Keep going â€” your progress awaits!,You're making great strides. One session today keeps your streak alive.,Start Now,Chalo aage badho!,"Tumhari mehnat rang la rahi hai. Aaj ek session karo, streak bachao.",Abhi Shuru Karo,Empowerment,insight_tip,general,0
TPL_SEG_08_DEEP_IMMERSION_05,SEG_08,Low-Active At-Risk Paid,paid,5,Deep Immersion,Days 11â€“15,Improve monthly retention by increasing exercise completion rate among Low-Active At-Risk Paid users,Empowerment,Friendly,Keep going â€” your progress awaits!,You're making great strides. One session today keeps your streak alive.,Start Now,Chalo aage badho!,"Tumhari mehnat rang la rahi hai. Aaj ek session karo, streak bachao.",Abhi Shuru Karo,Empowerment,challenge,general,0
TPL_SEG_08_SOCIAL___EXPANSION_DRIVE_01,SEG_08,Low-Active At-Risk Paid,paid,6,Social & Expansion Drive,Days 16â€“20,Increase Monthly Retention by 15% through personalized win-back content and limited-time offers,Epic Meaning,Motivational,Keep going â€” your progress awaits!,You're making great strides. One session today keeps your streak alive.,Start Now,Chalo aage badho!,"Tumhari mehnat rang la rahi hai. Aaj ek session karo, streak bachao.",Abhi Shuru Karo,Epic Meaning,direct_cta,general,0
TPL_SEG_08_SOCIAL___EXPANSION_DRIVE_02,SEG_08,Low-Active At-Risk Paid,paid,6,Social & Expansion Drive,Days 16â€“20,Increase Monthly Retention by 15% through personalized win-back content and limited-time offers,Epic Meaning,Motivational,Keep going â€” your progress awaits!,You're making great strides. One session today keeps your streak alive.,Start Now,Chalo aage badho!,"Tumhari mehnat rang la rahi hai. Aaj ek session karo, streak bachao.",Abhi Shuru Karo,Epic Meaning,question_hook,general,0
TPL_SEG_08_SOCIAL___EXPANSION_DRIVE_03,SEG_08,Low-Active At-Risk Paid,paid,6,Social & Expansion Drive,Days 16â€“20,Increase Monthly Retention by 15% through personalized win-back content and limited-time offers,Epic Meaning,Motivational,Keep going â€” your progress awaits!,You're making great strides. One session today keeps your streak alive.,Start Now,Chalo aage badho!,"Tumhari mehnat rang la rahi hai. Aaj ek session karo, streak bachao.",Abhi Shuru Karo,Epic Meaning,social_proof,general,0
TPL_SEG_08_SOCIAL___EXPANSION_DRIVE_04,SEG_08,Low-Active At-Risk Paid,paid,6,Social & Expansion Drive,Days 16â€“20,Increase Monthly Retention by 15% through personalized win-back content and limited-time offers,Epic Meaning,Motivational,Keep going â€” your progress awaits!,You're making great strides. One session today keeps your streak alive.,Start Now,Chalo aage badho!,"Tumhari mehnat rang la rahi hai. Aaj ek session karo, streak bachao.",Abhi Shuru Karo,Epic Meaning,insight_tip,general,0
TPL_SEG_08_SOCIAL___EXPANSION_DRIVE_05,SEG_08,Low-Active At-Risk Paid,paid,6,Social & Expansion Drive,Days 16â€“20,Increase Monthly Retention by 15% through personalized win-back content and limited-time offers,Epic Meaning,Motivational,Keep going â€” your progress awaits!,You're making great strides. One session today keeps your streak alive.,Start Now,Chalo aage badho!,"Tumhari mehnat rang la rahi hai. Aaj ek session karo, streak bachao.",Abhi Shuru Karo,Epic Meaning,challenge,general,0
TPL_SEG_08_OVERCOMING_THE_SLUMP_01,SEG_08,Low-Active At-Risk Paid,paid,7,Overcoming the Slump,Days 21â€“25,Detect and counter mid-subscription disengagement by re-anchoring user motivation and reducing session friction,Epic Meaning,Motivational,Start Today's Session,Three minutes is all it takes. Open now and keep your streak alive.,Open Now,à¤†à¤œ à¤•à¥€ à¤¸à¥‡à¤¶à¤¨ à¤¶à¥à¤°à¥‚ à¤•à¤°à¥‡à¤‚,à¤¤à¥€à¤¨ à¤®à¤¿à¤¨à¤Ÿ à¤¹à¥€ à¤ªà¤°à¥à¤¯à¤¾à¤ªà¥à¤¤ à¤¹à¥ˆà¤‚à¥¤ à¤…à¤¬ à¤–à¥à¤²à¥‡à¤‚ à¤”à¤° à¤…à¤ªà¤¨à¥‡ à¤¸à¥à¤Ÿà¥à¤°à¥€à¤• à¤•à¥‹ à¤œà¥€à¤µà¤¿à¤¤ à¤°à¤–à¥‡à¤‚à¥¤,à¤…à¤¬ à¤–à¥‹à¤²à¥‡à¤‚,Epic Meaning,direct_cta,general,0
TPL_SEG_08_OVERCOMING_THE_SLUMP_02,SEG_08,Low-Active At-Risk Paid,paid,7,Overcoming the Slump,Days 21â€“25,Detect and counter mid-subscription disengagement by re-anchoring user motivation and reducing session friction,Epic Meaning,Motivational,Ready to Beat Yesterday?,Your last score was 72. Can you top it in 5 minutes today?,Start Now,à¤†à¤œ à¤•à¥‹ à¤ªà¤¿à¤›à¤²à¥‡ à¤¦à¤¿à¤¨ à¤¸à¥‡ à¤¬à¥‡à¤¹à¤¤à¤° à¤¬à¤¨à¤¾à¤à¤‚,à¤†à¤ªà¤•à¤¾ à¤…à¤‚à¤¤à¤¿à¤® à¤°à¥‡à¤Ÿà¤¿à¤‚à¤— 72 à¤¥à¤¾à¥¤ à¤†à¤œ à¤¤à¥€à¤¨ à¤®à¤¿à¤¨à¤Ÿ à¤®à¥‡à¤‚ à¤‡à¤¸à¥‡ à¤¬à¤¢à¤¼à¤¾à¤à¤‚?,à¤…à¤¬ à¤¶à¥à¤°à¥‚ à¤•à¤°à¥‡à¤‚,Epic Meaning,question_hook,challenge,0
TPL_SEG_08_OVERCOMING_THE_SLUMP_03,SEG_08,Low-Active At-Risk Paid,paid,7,Overcoming the Slump,Days 21â€“25,Detect and counter mid-subscription disengagement by re-anchoring user motivation and reducing session friction,Epic Meaning,Motivational,Tip: 10 Min Daily Beats 2 Hour Weekly,Consistency builds fluency. One short session now keeps progress compounding.,Learn More,à¤Ÿà¤¿à¤ª: à¤¦à¥ˆà¤¨à¤¿à¤• 10 à¤®à¤¿à¤¨à¤Ÿ à¤¬à¥‡à¤¹à¤¤à¤° à¤¹à¥ˆ 2 à¤˜à¤‚à¤Ÿà¥‡ à¤¸à¤¾à¤ªà¥à¤¤à¤¾à¤¹à¤¿à¤•,à¤¸à¥à¤¥à¤¿à¤°à¤¤à¤¾ à¤­à¤¾à¤·à¤£ à¤•à¥€ à¤¤à¤¾à¤•à¤¤ à¤¬à¤¨à¤¾à¤¤à¥€ à¤¹à¥ˆà¥¤ à¤à¤• à¤›à¥‹à¤Ÿà¥€ à¤¸à¥€ à¤¸à¥‡à¤¶à¤¨ à¤…à¤¬ à¤ªà¥à¤°à¤—à¤¤à¤¿ à¤œà¥‹à¤¡à¤¼à¤¤à¥€ à¤¹à¥ˆà¥¤,à¤œà¤¾à¤¨à¥‡à¤‚ à¤…à¤§à¤¿à¤•,Epic Meaning,insight_tip,general,0
TPL_SEG_08_OVERCOMING_THE_SLUMP_04,SEG_08,Low-Active At-Risk Paid,paid,7,Overcoming the Slump,Days 21â€“25,Detect and counter mid-subscription disengagement by re-anchoring user motivation and reducing session friction,Epic Meaning,Motivational,Day 5 Challenge Unlocked!,You're on a roll â€” tackle today's challenge to unlock your next badge.,Tackle Now,à¤¦à¤¿à¤¨ 5 à¤šà¥ˆà¤²à¥‡à¤‚à¤œ à¤²à¥‰à¤• à¤•à¤¿à¤¯à¤¾ à¤—à¤¯à¤¾!,à¤†à¤ªà¤•à¥€ à¤Ÿà¥à¤°à¥‡à¤¨à¤¿à¤‚à¤— à¤®à¥‡à¤‚ à¤¸à¥à¤§à¤¾à¤° à¤¹à¥‹ à¤°à¤¹à¤¾ à¤¹à¥ˆà¥¤ à¤†à¤œ à¤•à¥‡ à¤šà¥ˆà¤²à¥‡à¤‚à¤œ à¤•à¥‹ à¤ªà¥‚à¤°à¤¾ à¤•à¤°à¤•à¥‡ à¤…à¤—à¤²à¥‡ à¤¬à¥ˆà¤œ à¤•à¥‹ à¤–à¥‹à¤²à¥‡à¤‚à¥¤,à¤…à¤¬ à¤šà¥ˆà¤²à¥‡à¤‚à¤œ à¤•à¤°à¥‡à¤‚,Epic Meaning,question_hook,challenge,0
TPL_SEG_08_OVERCOMING_THE_SLUMP_05,SEG_08,Low-Active At-Risk Paid,paid,7,Overcoming the Slump,Days 21â€“25,Detect and counter mid-subscription disengagement by re-anchoring user motivation and reducing session friction,Epic Meaning,Motivational,You're Almost There!,Don't let progress slip away. Stay on track and earn your next badge.,Stay On Track,à¤†à¤ªà¤•à¥‡ à¤ªà¤¾à¤¸ à¤¬à¤¹à¥à¤¤ à¤•à¤°à¥€à¤¬ à¤¹à¥ˆ!,à¤ªà¥à¤°à¤—à¤¤à¤¿ à¤•à¥‹ à¤¨à¤¹à¥€à¤‚ à¤šà¤²à¤¨à¥‡ à¤¦à¥‡à¤‚à¥¤ à¤Ÿà¥à¤°à¥ˆà¤• à¤ªà¤° à¤°à¤¹à¥‡à¤‚ à¤”à¤° à¤…à¤—à¤²à¥‡ à¤¬à¥ˆà¤œ à¤•à¤¾ à¤²à¤¾à¤­ à¤‰à¤ à¤¾à¤à¤‚.,à¤Ÿà¥à¤°à¥ˆà¤• à¤ªà¤° à¤°à¤¹à¥‡à¤‚,Epic Meaning,insight_tip,general,0
TPL_SEG_08_ROI_DEMONSTRATION_01,SEG_08,Low-Active At-Risk Paid,paid,8,ROI Demonstration,Days 26â€“28,Increase Monthly Retention by 5% through targeted win-back content and limited-time offers,Epic Meaning,Motivational,Start Today's Session,Three minutes is all it takes. Open now and keep your streak alive.,Open Now,à¤†à¤œ à¤•à¥€ à¤¸à¥‡à¤¶à¤¨ à¤¶à¥à¤°à¥‚ à¤•à¤°à¥‡à¤‚,à¤¤à¥€à¤¨ à¤®à¤¿à¤¨à¤Ÿà¥‹à¤‚ à¤•à¤¾ à¤¹à¥ˆ à¤¸à¤¬ à¤•à¥à¤›à¥¤ à¤…à¤¬ à¤–à¥à¤²à¥‹ à¤”à¤° à¤…à¤ªà¤¨à¥‡ à¤¸à¥à¤Ÿà¥à¤°à¥€à¤• à¤•à¥‹ à¤œà¥€à¤µà¤¿à¤¤ à¤°à¤–à¥‹à¥¤,à¤…à¤¬ à¤–à¥‹à¤²à¥‡à¤‚,Epic Meaning,direct_cta,Sia â€” AI Speaking Partner,0
TPL_SEG_08_ROI_DEMONSTRATION_02,SEG_08,Low-Active At-Risk Paid,paid,8,ROI Demonstration,Days 26â€“28,Increase Monthly Retention by 5% through targeted win-back content and limited-time offers,Epic Meaning,Motivational,Ready to beat yesterday?,Your last score was 72. Can you top it in 5 minutes today?,Try Now,à¤†à¤œ à¤•à¥€ à¤¤à¥à¤²à¤¨à¤¾ à¤®à¥‡à¤‚ à¤•à¤² à¤•à¥‹ à¤¹à¤°à¤¾à¤¨à¥‡ à¤•à¥‡ à¤²à¤¿à¤ à¤¤à¥ˆà¤¯à¤¾à¤° à¤¹à¥ˆà¤‚?,à¤†à¤ªà¤•à¥€ à¤ªà¤¿à¤›à¤²à¥€ à¤¸à¥à¤•à¥‹à¤° à¤¥à¥€ 72à¥¤ à¤†à¤œ 5 à¤®à¤¿à¤¨à¤Ÿ à¤®à¥‡à¤‚ à¤‡à¤¸à¥‡ à¤¬à¤¢à¤¼à¤¾ à¤¸à¤•à¤¤à¥‡ à¤¹à¥ˆà¤‚?,à¤…à¤¬ à¤†à¤œ,Epic Meaning,question_hook,Role-Based Scenarios,0
TPL_SEG_08_ROI_DEMONSTRATION_03,SEG_08,Low-Active At-Risk Paid,paid,8,ROI Demonstration,Days 26â€“28,Increase Monthly Retention by 5% through targeted win-back content and limited-time offers,Epic Meaning,Motivational,"1,400 learners practiced today",Don't fall behind â€” your peers are moving forward. Join them now.,Join Now,à¤†à¤œ à¤•à¥‹ 1400 à¤¸à¥€à¤–à¤¨à¥‡ à¤µà¤¾à¤²à¥‹à¤‚ à¤¨à¥‡ à¤…à¤­à¥à¤¯à¤¾à¤¸ à¤•à¤¿à¤¯à¤¾ à¤¹à¥ˆ,à¤…à¤ªà¤¨à¥‡ à¤¦à¥‹à¤¸à¥à¤¤à¥‹à¤‚ à¤¸à¥‡ à¤†à¤—à¥‡ à¤¬à¤¢à¤¼ à¤°à¤¹à¥‡ à¤¹à¥ˆà¤‚à¥¤ à¤‰à¤¨à¥à¤¹à¥‡à¤‚ à¤…à¤¬ à¤¶à¤¾à¤®à¤¿à¤² à¤•à¤°à¥‡à¤‚à¥¤,à¤…à¤¬ à¤¶à¤¾à¤®à¤¿à¤² à¤¹à¥‹,Epic Meaning,social_proof,Leaderboard,0
TPL_SEG_08_ROI_DEMONSTRATION_04,SEG_08,Low-Active At-Risk Paid,paid,8,ROI Demonstration,Days 26â€“28,Increase Monthly Retention by 5% through targeted win-back content and limited-time offers,Epic Meaning,Motivational,Tip: 10 min daily beats 2 hr weekly,Consistency builds fluency. One short session now keeps progress compounding.,Start Now,à¤Ÿà¤¿à¤ª: à¤¦à¥ˆà¤¨à¤¿à¤• 10 à¤®à¤¿à¤¨à¤Ÿ à¤•à¥€ à¤¤à¥à¤²à¤¨à¤¾ à¤®à¥‡à¤‚ 2 à¤˜à¤‚à¤Ÿà¥‡ à¤¸à¤¾à¤ªà¥à¤¤à¤¾à¤¹à¤¿à¤• à¤…à¤§à¤¿à¤• à¤ªà¥à¤°à¤­à¤¾à¤µà¥€ à¤¹à¥ˆ,à¤¨à¤¿à¤°à¤‚à¤¤à¤°à¤¤à¤¾ à¤­à¤¾à¤·à¤£ à¤•à¥€ à¤­à¤¾à¤µà¤¨à¤¾ à¤¬à¤¨à¤¾à¤¤à¥€ à¤¹à¥ˆà¥¤ à¤à¤• à¤›à¥‹à¤Ÿà¥‡ à¤¸à¥‡ à¤¸à¤¤à¥à¤° à¤…à¤¬ à¤ªà¥à¤°à¤—à¤¤à¤¿ à¤•à¥‹ à¤œà¥‹à¤¡à¤¼à¤¤à¤¾ à¤¹à¥ˆà¥¤,à¤…à¤¬ à¤¶à¥à¤°à¥‚ à¤•à¤°à¥‡à¤‚,Epic Meaning,insight_tip,Progress Intelligence,0
TPL_SEG_08_ROI_DEMONSTRATION_05,SEG_08,Low-Active At-Risk Paid,paid,8,ROI Demonstration,Days 26â€“28,Increase Monthly Retention by 5% through targeted win-back content and limited-time offers,Epic Meaning,Motivational,Day 5 Challenge Unlocked,You're on a roll â€” tackle today's challenge to unlock your next badge.,Take On Challenge,à¤†à¤œ à¤•à¥€ à¤šà¥à¤¨à¥Œà¤¤à¥€ à¤¸à¤¾à¤ªà¥à¤¤à¤¾à¤¹à¤¿à¤• 5à¤µà¥‡à¤‚ à¤¦à¤¿à¤¨ à¤•à¥‹ à¤–à¥à¤²à¤¾ à¤¹à¥ˆ,à¤†à¤ª à¤…à¤­à¥€ à¤­à¥€ à¤šà¤² à¤°à¤¹à¥‡ à¤¹à¥ˆà¤‚à¥¤ à¤†à¤œ à¤•à¥€ à¤šà¥à¤¨à¥Œà¤¤à¥€ à¤•à¥‹ à¤ªà¥‚à¤°à¤¾ à¤•à¤°à¥‡à¤‚ à¤¤à¤¾à¤•à¤¿ à¤…à¤—à¤²à¥‡ à¤¬à¥ˆà¤œ à¤•à¥‹ à¤–à¥‹à¤² à¤¸à¤•à¥‡à¤‚à¥¤,à¤†à¤œ à¤•à¥€ à¤šà¥à¤¨à¥Œà¤¤à¥€ à¤¸à¥à¤µà¥€à¤•à¤¾à¤° à¤•à¤°à¥‡à¤‚,Epic Meaning,challenge,Streak Protection,0
TPL_SEG_08_RETENTION___RENEWAL_01,SEG_08,Low-Active At-Risk Paid,paid,9,Retention & Renewal,Days 29â€“30,Secure renewal before subscription lapse with a personalized win-back message,Loss Avoidance,Urgent (mild),Start Today's Session,Three minutes is all it takes. Open now and keep your streak alive.,Open Now,,,,Epic Meaning,direct_cta,Sia â€” AI Speaking Partner,0
TPL_SEG_08_RETENTION___RENEWAL_02,SEG_08,Low-Active At-Risk Paid,paid,9,Retention & Renewal,Days 29â€“30,Secure renewal before subscription lapse with a personalized win-back message,Loss Avoidance,Urgent (mild),Ready to beat yesterday?,Your last score was 72. Can you top it in 5 minutes today?,Start Now,,,,Loss Avoidance,question_hook,Role-Based Scenarios,0
TPL_SEG_08_RETENTION___RENEWAL_03,SEG_08,Low-Active At-Risk Paid,paid,9,Retention & Renewal,Days 29â€“30,Secure renewal before subscription lapse with a personalized win-back message,Loss Avoidance,Urgent (mild),"1,400 learners practiced today",Don't fall behind â€” your peers are moving forward. Join them now.,Join Now,,,,Loss Avoidance,social_proof,Leaderboard,0
TPL_SEG_08_RETENTION___RENEWAL_04,SEG_08,Low-Active At-Risk Paid,paid,9,Retention & Renewal,Days 29â€“30,Secure renewal before subscription lapse with a personalized win-back message,Loss Avoidance,Urgent (mild),Tip: 10 min daily beats 2 hr weekly,Consistency builds fluency. One short session now keeps progress compounding.,Start Now,,,,Loss Avoidance,insight_tip,Pronunciation Engine,0
TPL_SEG_08_RETENTION___RENEWAL_05,SEG_08,Low-Active At-Risk Paid,paid,9,Retention & Renewal,Days 29â€“30,Secure renewal before subscription lapse with a personalized win-back message,Loss Avoidance,Urgent (mild),Day 5 Challenge Unlocked,You're on a roll â€” tackle today's challenge to unlock your next badge.,Tackle Now,,,,Loss Avoidance,challenge,Streak System,0
TPL_SEG_09_ACTIVATION___VALUE_DISCOVERY_01,SEG_09,Low-Active Cold Trial,trial,1,Activation & Value Discovery,Days 1â€“2,Convert 25% of low-activity cold trial users to monthly paid subscribers within the next 7 days,Epic Meaning,Motivational,Start Today's Session,Three minutes is all it takes. Open now and keep your streak alive.,Open Now,à¤†à¤œ à¤•à¥‡ à¤¸à¥‡à¤¶à¤¨ à¤¶à¥à¤°à¥‚ à¤•à¤°à¥‡à¤‚,à¤¤à¥€à¤¨ à¤®à¤¿à¤¨à¤Ÿ à¤¹à¥€ à¤ªà¤°à¥à¤¯à¤¾à¤ªà¥à¤¤ à¤¹à¥ˆà¤‚à¥¤ à¤…à¤¬ à¤–à¥à¤²à¥‡à¤‚ à¤”à¤° à¤…à¤ªà¤¨à¥€ à¤¸à¥à¤Ÿà¥à¤°à¥€à¤• à¤²à¤¾à¤‡à¤« à¤¬à¤šà¤¾à¤à¤‚à¥¤,à¤…à¤¬ à¤–à¥‹à¤²à¥‡à¤‚,Epic Meaning,direct_cta,Sia Conversations,0
TPL_SEG_09_ACTIVATION___VALUE_DISCOVERY_02,SEG_09,Low-Active Cold Trial,trial,1,Activation & Value Discovery,Days 1â€“2,Convert 25% of low-activity cold trial users to monthly paid subscribers within the next 7 days,Epic Meaning,Motivational,Ready to beat yesterday?,Your last score was 72. Can you top it in 5 minutes today?,Start Now,à¤†à¤œ à¤•à¥‡ à¤¬à¤¾à¤¦ à¤•à¥‹ à¤¹à¤°à¤¾à¤¨à¤¾ à¤šà¤¾à¤¹à¤¤à¥‡ à¤¹à¥ˆà¤‚?,à¤†à¤ªà¤•à¥€ à¤ªà¤¿à¤›à¤²à¥€ à¤¸à¥à¤•à¥‹à¤° à¤¥à¥€ 72à¥¤ à¤†à¤œ à¤¤à¥€à¤¨ à¤®à¤¿à¤¨à¤Ÿ à¤®à¥‡à¤‚ à¤‡à¤¸à¥‡ à¤¬à¤¢à¤¼à¤¾à¤à¤‚?,à¤…à¤¬ à¤¶à¥à¤°à¥‚ à¤•à¤°à¥‡à¤‚,Epic Meaning,question_hook,Role-Based Scenarios,0
TPL_SEG_09_ACTIVATION___VALUE_DISCOVERY_03,SEG_09,Low-Active Cold Trial,trial,1,Activation & Value Discovery,Days 1â€“2,Convert 25% of low-activity cold trial users to monthly paid subscribers within the next 7 days,Epic Meaning,Motivational,"1,400 learners practiced today",Don't fall behind â€” your peers are moving forward. Join them now.,Join Now,à¤†à¤œ à¤•à¥‹ 1400 à¤¸à¥€à¤–à¤¨à¥‡ à¤µà¤¾à¤²à¥‹à¤‚ à¤¨à¥‡ à¤…à¤­à¥à¤¯à¤¾à¤¸ à¤•à¤¿à¤¯à¤¾ à¤¹à¥ˆ,à¤…à¤ªà¤¨à¥‡ à¤¦à¥‹à¤¸à¥à¤¤à¥‹à¤‚ à¤•à¥€ à¤“à¤° à¤¬à¤¢à¤¼ à¤°à¤¹à¥‡ à¤¹à¥ˆà¤‚à¥¤ à¤‰à¤¨à¥à¤¹à¥‡à¤‚ à¤…à¤¬ à¤¶à¤¾à¤®à¤¿à¤² à¤•à¤°à¥‡à¤‚à¥¤,à¤…à¤¬ à¤¶à¤¾à¤®à¤¿à¤² à¤¹à¥‹,Epic Meaning,social_proof,Leaderboard,0
TPL_SEG_09_ACTIVATION___VALUE_DISCOVERY_04,SEG_09,Low-Active Cold Trial,trial,1,Activation & Value Discovery,Days 1â€“2,Convert 25% of low-activity cold trial users to monthly paid subscribers within the next 7 days,Epic Meaning,Motivational,Tip: 10 min daily beats 2 hr weekly,Consistency builds fluency. One short session now keeps progress compounding.,Learn More,à¤Ÿà¤¿à¤ª: à¤¦à¥ˆà¤¨à¤¿à¤• 10 à¤®à¤¿à¤¨à¤Ÿ à¤¸à¥‡ 2 à¤˜à¤‚à¤Ÿà¥‡ à¤•à¥€ à¤¹à¤«à¥à¤¤à¥‡ à¤®à¥‡à¤‚ à¤…à¤§à¤¿à¤• à¤•à¤°à¤¤à¥‡ à¤¹à¥ˆà¤‚,à¤¨à¤¿à¤°à¤‚à¤¤à¤°à¤¤à¤¾ à¤­à¤¾à¤·à¤£ à¤•à¥€ à¤¤à¤¾à¤•à¤¤ à¤¬à¤¨à¤¾à¤¤à¥€ à¤¹à¥ˆà¥¤ à¤à¤• à¤›à¥‹à¤Ÿà¤¾ à¤¸à¥‡à¤¶à¤¨ à¤…à¤¬ à¤ªà¥à¤°à¤—à¤¤à¤¿ à¤•à¥‹ à¤œà¥‹à¤¡à¤¼à¤¤à¤¾ à¤¹à¥ˆà¥¤,à¤œà¤¾à¤¨à¥‡à¤‚ à¤”à¤° à¤…à¤§à¤¿à¤•,Epic Meaning,insight_tip,Pronunciation Engine,0
TPL_SEG_09_ACTIVATION___VALUE_DISCOVERY_05,SEG_09,Low-Active Cold Trial,trial,1,Activation & Value Discovery,Days 1â€“2,Convert 25% of low-activity cold trial users to monthly paid subscribers within the next 7 days,Epic Meaning,Motivational,Day 5 Challenge Unlocked,You're on a roll â€” tackle today's challenge to unlock your next badge.,Take On Challenge,à¤¦à¤¿à¤¨ 5 à¤šà¥ˆà¤²à¥‡à¤‚à¤œ à¤•à¥‹ à¤–à¥à¤²à¤¾ à¤¹à¥ˆ,à¤†à¤ªà¤•à¥€ à¤Ÿà¥à¤°à¥‡à¤¨à¤¿à¤‚à¤— à¤®à¥‡à¤‚ à¤à¤• à¤°à¥‹à¤²à¤¬à¥ˆà¤• à¤¹à¥à¤†à¥¤ à¤†à¤œ à¤•à¥‡ à¤šà¥ˆà¤²à¥‡à¤‚à¤œ à¤•à¥‹ à¤ªà¥‚à¤°à¤¾ à¤•à¤°à¥‡à¤‚ à¤”à¤° à¤…à¤—à¤²à¥‡ à¤¬à¥ˆà¤œ à¤•à¥‹ à¤–à¥à¤²à¤¾à¤à¤‚.,à¤šà¥ˆà¤²à¥‡à¤‚à¤œ à¤ªà¤° à¤šà¤²à¥‡à¤‚,Epic Meaning,challenge,Streak Protection,0
TPL_SEG_09_HABIT_FORMATION___EARLY_ENGAGEMENT_01,SEG_09,Low-Active Cold Trial,trial,2,Habit Formation & Early Engagement,Days 3â€“5,Establish a daily usage pattern by completing â‰¥3 consecutive active days,Empowerment,Friendly,Start Today's Session,Three minutes is all it takes. Open now and keep your streak alive.,Open Now,à¤†à¤œ à¤•à¥€ à¤¸à¥‡à¤¶à¤¨ à¤¶à¥à¤°à¥‚ à¤•à¤°à¥‡à¤‚,à¤¤à¥€à¤¨ à¤®à¤¿à¤¨à¤Ÿ à¤¹à¥ˆ à¤¸à¤¬ à¤•à¥à¤›à¥¤ à¤…à¤¬ à¤–à¥‹à¤²à¥‡à¤‚ à¤”à¤° à¤…à¤ªà¤¨à¥‡ à¤¸à¥à¤Ÿà¥à¤°à¥€à¤• à¤•à¥‹ à¤œà¥€à¤µà¤¿à¤¤ à¤°à¤–à¥‡à¤‚à¥¤,à¤…à¤¬ à¤–à¥‹à¤²à¥‡à¤‚,Epic Meaning,direct_cta,Sia â€” AI Speaking Partner,0
TPL_SEG_09_HABIT_FORMATION___EARLY_ENGAGEMENT_02,SEG_09,Low-Active Cold Trial,trial,2,Habit Formation & Early Engagement,Days 3â€“5,Establish a daily usage pattern by completing â‰¥3 consecutive active days,Empowerment,Friendly,Ready to Beat Yesterday?,Your last score was 72. Can you top it in 5 minutes today?,Start Now,à¤†à¤œ à¤•à¥€ à¤¤à¥à¤²à¤¨à¤¾ à¤¸à¥‡ à¤†à¤—à¥‡ à¤¬à¤¢à¤¼à¥‡à¤‚,à¤†à¤ªà¤•à¥€ à¤ªà¤¿à¤›à¤²à¥€ à¤¸à¥à¤•à¥‹à¤° à¤¥à¥€ 72à¥¤ à¤†à¤œ 5 à¤®à¤¿à¤¨à¤Ÿ à¤®à¥‡à¤‚ à¤‡à¤¸à¥‡ à¤ªà¤¾à¤° à¤•à¤° à¤¸à¤•à¤¤à¥‡ à¤¹à¥ˆà¤‚?,à¤…à¤¬ à¤¶à¥à¤°à¥‚ à¤•à¤°à¥‡à¤‚,Empowerment,question_hook,Role-Based Scenarios,0
TPL_SEG_09_HABIT_FORMATION___EARLY_ENGAGEMENT_03,SEG_09,Low-Active Cold Trial,trial,2,Habit Formation & Early Engagement,Days 3â€“5,Establish a daily usage pattern by completing â‰¥3 consecutive active days,Empowerment,Friendly,"1,400 Learners Practiced Today",Don't fall behind â€” your peers are moving forward. Join them now.,Join Now,à¤†à¤œ à¤•à¥‹ 1400 à¤¸à¥€à¤–à¤¨à¥‡ à¤µà¤¾à¤²à¥‡ à¤²à¥‹à¤—à¥‹à¤‚ à¤¨à¥‡ à¤ªà¥à¤°à¤¶à¤¿à¤•à¥à¤·à¤£ à¤¦à¤¿à¤¯à¤¾ à¤¹à¥ˆ,à¤…à¤ªà¤¨à¥€ à¤ªà¥€à¤›à¥‡ à¤ªà¤¡à¤¼à¤¨à¥‡ à¤¸à¥‡ à¤¬à¤šà¥‡à¤‚ â€” à¤†à¤ªà¤•à¥‡ à¤¸à¤¹à¤ªà¤¾à¤ à¥€ à¤†à¤—à¥‡ à¤¬à¤¢à¤¼ à¤°à¤¹à¥‡ à¤¹à¥ˆà¤‚à¥¤ à¤‰à¤¨à¥à¤¹à¥‡à¤‚ à¤…à¤¬ à¤¶à¤¾à¤®à¤¿à¤² à¤•à¤°à¥‡à¤‚à¥¤,à¤…à¤¬ à¤¶à¤¾à¤®à¤¿à¤² à¤¹à¥‹à¤‚,Empowerment,social_proof,Leaderboard,0
TPL_SEG_09_HABIT_FORMATION___EARLY_ENGAGEMENT_04,SEG_09,Low-Active Cold Trial,trial,2,Habit Formation & Early Engagement,Days 3â€“5,Establish a daily usage pattern by completing â‰¥3 consecutive active days,Empowerment,Friendly,Tip: 10 Min Daily Beats 2 Hr Weekly,Consistency builds fluency. One short session now keeps progress compounding.,Start Now,à¤Ÿà¤¿à¤ª: à¤¦à¤¿à¤¨ à¤®à¥‡à¤‚ 10 à¤®à¤¿à¤¨à¤Ÿ à¤¸à¥‡ à¤¹à¤«à¥à¤¤à¥‡ à¤®à¥‡à¤‚ 2 à¤˜à¤‚à¤Ÿà¤¾ à¤…à¤§à¤¿à¤• à¤¬à¤¾à¤¤ à¤•à¤°à¤¨à¤¾,à¤¨à¤¿à¤°à¤‚à¤¤à¤°à¤¤à¤¾ à¤­à¤¾à¤·à¤£ à¤•à¥€ à¤¤à¤¾à¤•à¤¤ à¤¬à¤¨à¤¾à¤¤à¥€ à¤¹à¥ˆà¥¤ à¤…à¤¬ à¤à¤• à¤›à¥‹à¤Ÿà¥€ à¤¸à¥‡à¤¶à¤¨ à¤¶à¥à¤°à¥‚ à¤•à¤°à¥‡à¤‚ à¤”à¤° à¤ªà¥à¤°à¤—à¤¤à¤¿ à¤œà¤¾à¤°à¥€ à¤°à¤–à¥‡à¤‚à¥¤,à¤…à¤¬ à¤¶à¥à¤°à¥‚ à¤•à¤°à¥‡à¤‚,Empowerment,insight_tip,Pronunciation Engine,0
TPL_SEG_09_HABIT_FORMATION___EARLY_ENGAGEMENT_05,SEG_09,Low-Active Cold Trial,trial,2,Habit Formation & Early Engagement,Days 3â€“5,Establish a daily usage pattern by completing â‰¥3 consecutive active days,Empowerment,Friendly,Day 5 Challenge Unlocked,You're on a roll â€” tackle today's challenge to unlock your next badge.,Take On Challenge,à¤†à¤œ à¤•à¥€ à¤šà¥à¤¨à¥Œà¤¤à¥€ à¤ªà¥‚à¤°à¥€ à¤¹à¥à¤ˆ à¤¹à¥ˆ,à¤†à¤ªà¤•à¥€ à¤—à¤¤à¤¿ à¤®à¥‡à¤‚ à¤¹à¥ˆà¤‚ â€” à¤†à¤œ à¤•à¥€ à¤šà¥à¤¨à¥Œà¤¤à¥€ à¤ªà¥‚à¤°à¤¾ à¤•à¤°à¥‡à¤‚ à¤”à¤° à¤…à¤—à¤²à¥‡ à¤¬à¥ˆà¤œ à¤•à¥‹ à¤–à¥‹à¤²à¥‡à¤‚à¥¤,à¤‡à¤¸ à¤šà¥à¤¨à¥Œà¤¤à¥€ à¤•à¥‹ à¤¸à¥à¤µà¥€à¤•à¤¾à¤° à¤•à¤°à¥‡à¤‚,Empowerment,challenge,Sia â€” AI Speaking Partner,0
TPL_SEG_09_THE_CONVERSION_PUSH_01,SEG_09,Low-Active Cold Trial,trial,3,The Conversion Push,Days 6â€“7,Convert trial user to paid subscriber before trial expiry.,Epic Meaning,Motivational,Start Today's Session,Three minutes is all it takes. Open now and keep your streak alive.,Open Now,à¤†à¤œ à¤•à¥€ à¤¸à¥‡à¤¶à¤¨ à¤¶à¥à¤°à¥‚ à¤•à¤°à¥‡à¤‚,à¤¤à¥€à¤¨ à¤®à¤¿à¤¨à¤Ÿà¥‹à¤‚ à¤•à¤¾ à¤¸à¤¬à¤• à¤²à¥‡à¤¨à¥‡ à¤•à¥‡ à¤²à¤¿à¤ à¤–à¥à¤²à¥‹ à¤”à¤° à¤…à¤ªà¤¨à¥€ à¤¸à¥à¤Ÿà¥à¤°à¥€à¤• à¤•à¥‹ à¤œà¥€à¤µà¤¿à¤¤ à¤°à¤–à¥‹à¥¤,à¤…à¤¬ à¤–à¥‹à¤²à¥‡à¤‚,Epic Meaning,direct_cta,Sia â€” AI Speaking Partner,0
TPL_SEG_09_THE_CONVERSION_PUSH_02,SEG_09,Low-Active Cold Trial,trial,3,The Conversion Push,Days 6â€“7,Convert trial user to paid subscriber before trial expiry.,Epic Meaning,Motivational,Ready to Beat Yesterday?,Your last score was 72. Can you top it in 5 minutes today?,Start Now,à¤†à¤œ à¤•à¥€ à¤¤à¥à¤²à¤¨à¤¾ à¤®à¥‡à¤‚ à¤†à¤ªà¤•à¥‹ à¤¤à¥ˆà¤¯à¤¾à¤° à¤¹à¥ˆà¤‚?,"à¤†à¤ªà¤•à¥‡ à¤ªà¤¿à¤›à¤²à¥‡ à¤¸à¥à¤•à¥‹à¤° à¤•à¤¾ 72 à¤¥à¤¾à¥¤ à¤†à¤œ à¤•à¥‡ 5 à¤®à¤¿à¤¨à¤Ÿ à¤®à¥‡à¤‚, à¤†à¤ª à¤‡à¤¸à¥‡ à¤ªà¥‚à¤°à¤¾ à¤•à¤° à¤¸à¤•à¤¤à¥‡ à¤¹à¥ˆà¤‚?",à¤…à¤¬ à¤¶à¥à¤°à¥‚ à¤•à¤°à¥‡à¤‚,Epic Meaning,question_hook,Role-Based Scenarios,0
TPL_SEG_09_THE_CONVERSION_PUSH_03,SEG_09,Low-Active Cold Trial,trial,3,The Conversion Push,Days 6â€“7,Convert trial user to paid subscriber before trial expiry.,Epic Meaning,Motivational,Tip: 10 min daily beats 2 hr weekly,Consistency builds fluency. One short session now keeps progress compounding.,Learn More,à¤Ÿà¤¿à¤ª: à¤¦à¥ˆà¤¨à¤¿à¤• 10 à¤®à¤¿à¤¨à¤Ÿ à¤•à¥€ à¤¤à¥à¤²à¤¨à¤¾ à¤®à¥‡à¤‚ 2 à¤˜à¤‚à¤Ÿà¥‡ à¤¸à¤¾à¤ªà¥à¤¤à¤¾à¤¹à¤¿à¤• à¤…à¤§à¤¿à¤• à¤ªà¥à¤°à¤­à¤¾à¤µà¥€ à¤¹à¥ˆ,à¤¨à¤¿à¤°à¤‚à¤¤à¤°à¤¤à¤¾ à¤­à¤¾à¤·à¤£ à¤•à¥Œà¤¶à¤² à¤•à¥‹ à¤µà¤¿à¤•à¤¸à¤¿à¤¤ à¤•à¤°à¤¤à¥€ à¤¹à¥ˆà¥¤ à¤à¤• à¤›à¥‹à¤Ÿà¥€ à¤¸à¥€ à¤¸à¥‡à¤¶à¤¨ à¤®à¥‡à¤‚ à¤…à¤¬ à¤ªà¥à¤°à¤—à¤¤à¤¿ à¤œà¤¾à¤°à¥€ à¤°à¤–à¥‡à¤‚à¥¤,à¤œà¤¾à¤¨à¥‡ à¤•à¥‡ à¤²à¤¿à¤ à¤…à¤§à¤¿à¤•,Epic Meaning,insight_tip,Pronunciation Engine,0
TPL_SEG_09_THE_CONVERSION_PUSH_04,SEG_09,Low-Active Cold Trial,trial,3,The Conversion Push,Days 6â€“7,Convert trial user to paid subscriber before trial expiry.,Epic Meaning,Motivational,Day 5 Challenge Unlocked,You're on a roll â€” tackle today's challenge to unlock your next badge.,Take On Challenge,à¤¦à¤¿à¤¨ 5 à¤šà¥ˆà¤²à¥‡à¤‚à¤œ à¤•à¥‹ à¤–à¥à¤²à¤¾ à¤¹à¥ˆ,"à¤†à¤ªà¤•à¥€ à¤ªà¥à¤°à¤—à¤¤à¤¿ à¤®à¥‡à¤‚ à¤¤à¥‡à¤œà¥€ à¤¹à¥à¤ˆ à¤¹à¥ˆà¥¤ à¤†à¤œ à¤•à¥‡ à¤šà¥ˆà¤²à¥‡à¤‚à¤œ à¤•à¥‹ à¤¸à¥à¤µà¥€à¤•à¤¾à¤° à¤•à¤°à¤•à¥‡, à¤†à¤ªà¤•à¥‡ à¤…à¤—à¤²à¥‡ à¤¬à¥ˆà¤œ à¤•à¥‹ à¤‰à¤œà¤¾à¤—à¤° à¤•à¤°à¥‡à¤‚à¥¤",à¤šà¥ˆà¤²à¥‡à¤‚à¤œ à¤•à¥‹ à¤¸à¥à¤µà¥€à¤•à¤¾à¤° à¤•à¤°à¥‡à¤‚,Epic Meaning,challenge,Badges & Achievements,0
TPL_SEG_09_THE_CONVERSION_PUSH_05,SEG_09,Low-Active Cold Trial,trial,3,The Conversion Push,Days 6â€“7,Convert trial user to paid subscriber before trial expiry.,Epic Meaning,Motivational,Your Progress is Waiting,View your progress and unlock new features.,View Now,à¤†à¤ªà¤•à¥€ à¤ªà¥à¤°à¤—à¤¤à¤¿ à¤†à¤ªà¤•à¥‡ à¤¸à¤¾à¤®à¤¨à¥‡ à¤¹à¥ˆ,à¤¦à¥‡à¤–à¥‡à¤‚ à¤”à¤° à¤¨à¤ à¤µà¤¿à¤¶à¥‡à¤·à¤¤à¤¾à¤“à¤‚ à¤•à¥‹ à¤–à¥à¤²à¤¾ à¤•à¤°à¥‡à¤‚à¥¤,à¤…à¤¬ à¤¦à¥‡à¤–à¥‡à¤‚,Epic Meaning,social_proof,General,0
TPL_SEG_11_THE_WIN_BACK_01,SEG_11,Deep Churned,churned,10,The Win-Back,Day 31+,Re-activate churned users with a sense of accomplishment and ownership,Loss Avoidance,Urgent (mild),Start Today's Session,Three minutes is all it takes. Open now and keep your streak alive.,Open Now,à¤†à¤œ à¤•à¥€ à¤¸à¥‡à¤¶à¤¨ à¤¶à¥à¤°à¥‚ à¤•à¤°à¥‡à¤‚,à¤¤à¥€à¤¨ à¤®à¤¿à¤¨à¤Ÿ à¤•à¥‡ à¤²à¤¿à¤ à¤ªà¤°à¥à¤¯à¤¾à¤ªà¥à¤¤ à¤¹à¥ˆà¥¤ à¤…à¤¬ à¤–à¥à¤²à¥‹ à¤”à¤° à¤…à¤ªà¤¨à¥€ à¤Ÿà¥à¤°à¥ˆà¤• à¤°à¤¿à¤•à¥‰à¤°à¥à¤¡ à¤¬à¤¨à¤¾à¤ à¤°à¤–à¥‹à¥¤,à¤…à¤¬ à¤–à¥‹à¤²à¥‡à¤‚,Epic Meaning,direct_cta,Sia,0
TPL_SEG_11_THE_WIN_BACK_02,SEG_11,Deep Churned,churned,10,The Win-Back,Day 31+,Re-activate churned users with a sense of accomplishment and ownership,Loss Avoidance,Urgent (mild),Ready to beat yesterday?,Your last score was 72. Can you top it in 5 minutes today?,Start Now,à¤†à¤œ à¤•à¥€ à¤¸à¥‡à¤¶à¤¨ à¤¶à¥à¤°à¥‚ à¤•à¤°à¥‡à¤‚,à¤†à¤ªà¤•à¤¾ à¤ªà¤¿à¤›à¤²à¤¾ à¤°à¤¿à¤•à¥‰à¤°à¥à¤¡ à¤¥à¤¾ 72à¥¤ à¤†à¤œ à¤¤à¥€à¤¨ à¤®à¤¿à¤¨à¤Ÿ à¤®à¥‡à¤‚ à¤‡à¤¸à¥‡ à¤¬à¤¢à¤¼à¤¾à¤à¤‚?,à¤¶à¥à¤°à¥‚ à¤•à¤°à¥‡à¤‚,Loss Avoidance,question_hook,Progress Intelligence,0
TPL_SEG_11_THE_WIN_BACK_03,SEG_11,Deep Churned,churned,10,The Win-Back,Day 31+,Re-activate churned users with a sense of accomplishment and ownership,Loss Avoidance,Urgent (mild),"1,400 learners practiced today",Don't fall behind â€” your peers are moving forward. Join them now.,Join Now,à¤†à¤œ à¤•à¥€ à¤¸à¥‡à¤¶à¤¨ à¤¶à¥à¤°à¥‚ à¤•à¤°à¥‡à¤‚,à¤…à¤ªà¤¨à¥‡ à¤¦à¥‹à¤¸à¥à¤¤à¥‹à¤‚ à¤•à¥‹ à¤ªà¥€à¤›à¥‡ à¤¨ à¤›à¥‹à¤¡à¤¼à¥‡à¤‚ â€” à¤µà¥‡ à¤†à¤—à¥‡ à¤¬à¤¢à¤¼ à¤°à¤¹à¥‡ à¤¹à¥ˆà¤‚à¥¤ à¤‰à¤¨à¥à¤¹à¥‡à¤‚ à¤…à¤¬ à¤¶à¤¾à¤®à¤¿à¤² à¤•à¤°à¥‡à¤‚à¥¤,à¤…à¤¬ à¤¶à¤¾à¤®à¤¿à¤² à¤¹à¥‹à¤‚,Loss Avoidance,social_proof,Leaderboard,0
TPL_SEG_11_THE_WIN_BACK_04,SEG_11,Deep Churned,churned,10,The Win-Back,Day 31+,Re-activate churned users with a sense of accomplishment and ownership,Loss Avoidance,Urgent (mild),Tip: 10 min daily beats 2 hr weekly,Consistency builds fluency. One short session now keeps progress compounding.,Start Now,à¤¤à¤¿à¤ªà¥à¤ªà¤£à¥€: à¤¦à¤¿à¤¨ à¤®à¥‡à¤‚ 10 à¤®à¤¿à¤¨à¤Ÿ à¤¸à¥‡ à¤¹à¤«à¥à¤¤à¥‡ à¤®à¥‡à¤‚ 2 à¤˜à¤‚à¤Ÿà¤¾ à¤…à¤§à¤¿à¤• à¤¬à¥‹à¤²à¤¨à¥‡ à¤•à¤¾ à¤Ÿà¥à¤°à¤¿à¤•,à¤¸à¥à¤¥à¤¿à¤°à¤¤à¤¾ à¤­à¤¾à¤·à¤¾ à¤•à¥€ à¤¤à¤¾à¤•à¤¤ à¤¬à¤¨à¤¾à¤¤à¥€ à¤¹à¥ˆà¥¤ à¤à¤• à¤›à¥‹à¤Ÿà¥€ à¤¸à¥€ à¤¸à¥‡à¤¶à¤¨ à¤…à¤¬ à¤ªà¥à¤°à¤—à¤¤à¤¿ à¤•à¥‹ à¤œà¥‹à¤¡à¤¼à¤¤à¤¾ à¤¹à¥ˆà¥¤,à¤¶à¥à¤°à¥‚ à¤•à¤°à¥‡à¤‚,Loss Avoidance,insight_tip,Pronunciation Engine,0
TPL_SEG_11_THE_WIN_BACK_05,SEG_11,Deep Churned,churned,10,The Win-Back,Day 31+,Re-activate churned users with a sense of accomplishment and ownership,Loss Avoidance,Urgent (mild),Day 5 Challenge Unlocked,You're on a roll â€” tackle today's challenge to unlock your next badge.,Take On Challenge,à¤†à¤œ à¤•à¥€ à¤¸à¥‡à¤¶à¤¨ à¤¶à¥à¤°à¥‚ à¤•à¤°à¥‡à¤‚,à¤†à¤ªà¤•à¥‡ à¤ªà¤¾à¤¸ à¤à¤• à¤…à¤šà¥à¤›à¤¾ à¤Ÿà¥à¤°à¥ˆà¤• à¤¹à¥ˆ â€” à¤†à¤œ à¤•à¥€ à¤šà¥à¤¨à¥Œà¤¤à¥€ à¤•à¥‹ à¤¸à¥à¤µà¥€à¤•à¤¾à¤° à¤•à¤°à¥‡à¤‚ à¤”à¤° à¤…à¤—à¤²à¥‡ à¤¬à¥ˆà¤œ à¤•à¥‹ à¤–à¥‹à¤œà¥‡à¤‚à¥¤,à¤šà¥à¤¨à¥Œà¤¤à¥€ à¤²à¥‡à¤‚,Loss Avoidance,challenge,Streak Protection,0
TPL_SEG_12_THE_LOW_FRICTION_RE_ENGAGEMENT_01,SEG_12,Inactive High-Propensity,inactive,11,The Low-Friction Re-engagement,Day X+,Trigger one micro-action with zero friction to re-establish presence in user's routine,Epic Meaning,Motivational,Start Today's Session,Three minutes is all it takes. Open now and keep your streak alive.,Open Now,à¤†à¤œ à¤•à¥€ à¤¸à¥‡à¤¶à¤¨ à¤¶à¥à¤°à¥‚ à¤•à¤°à¥‡à¤‚,à¤¤à¥€à¤¨ à¤®à¤¿à¤¨à¤Ÿ à¤¹à¥ˆ à¤¸à¤¬ à¤•à¥à¤›à¥¤ à¤…à¤¬ à¤–à¥‹à¤²à¥‡à¤‚ à¤”à¤° à¤…à¤ªà¤¨à¥‡ à¤¸à¥à¤Ÿà¥à¤°à¥€à¤• à¤•à¥‹ à¤œà¥€à¤µà¤¿à¤¤ à¤°à¤–à¥‡à¤‚à¥¤,à¤…à¤¬ à¤–à¥‹à¤²à¥‡à¤‚,Epic Meaning,direct_cta,Sia,0
TPL_SEG_12_THE_LOW_FRICTION_RE_ENGAGEMENT_02,SEG_12,Inactive High-Propensity,inactive,11,The Low-Friction Re-engagement,Day X+,Trigger one micro-action with zero friction to re-establish presence in user's routine,Epic Meaning,Motivational,Ready to beat yesterday?,Your last score was 72. Can you top it in 5 minutes today?,Start Now,à¤†à¤œ à¤•à¥‹ à¤ªà¤¿à¤›à¤²à¥‡ à¤¦à¤¿à¤¨ à¤¸à¥‡ à¤¬à¥‡à¤¹à¤¤à¤° à¤¬à¤¨à¤¾à¤à¤‚,à¤†à¤ªà¤•à¥€ à¤†à¤–à¤¿à¤°à¥€ à¤¸à¥à¤•à¥‹à¤° à¤¥à¤¾ 72à¥¤ à¤†à¤œ à¤•à¥‡ 5 à¤®à¤¿à¤¨à¤Ÿ à¤®à¥‡à¤‚ à¤‡à¤¸à¥‡ à¤”à¤° à¤­à¥€ à¤¬à¤¢à¤¼à¤¾à¤à¤‚?,à¤…à¤¬ à¤¶à¥à¤°à¥‚ à¤•à¤°à¥‡à¤‚,Epic Meaning,question_hook,Role-Based Scenarios,0
TPL_SEG_12_THE_LOW_FRICTION_RE_ENGAGEMENT_03,SEG_12,Inactive High-Propensity,inactive,11,The Low-Friction Re-engagement,Day X+,Trigger one micro-action with zero friction to re-establish presence in user's routine,Epic Meaning,Motivational,"1,400 learners practiced today",Don't fall behind â€” your peers are moving forward. Join them now.,Join Now,à¤†à¤œ à¤•à¥‹ 1400 à¤¸à¥€à¤–à¤¨à¥‡ à¤µà¤¾à¤²à¥‹à¤‚ à¤¨à¥‡ à¤…à¤­à¥à¤¯à¤¾à¤¸ à¤•à¤¿à¤¯à¤¾,à¤…à¤ªà¤¨à¥‡ à¤¦à¥‹à¤¸à¥à¤¤à¥‹à¤‚ à¤•à¥€ à¤“à¤° à¤¬à¤¢à¤¼ à¤°à¤¹à¥‡ à¤¹à¥ˆà¤‚à¥¤ à¤‰à¤¨à¥à¤¹à¥‡à¤‚ à¤…à¤¬ à¤¶à¤¾à¤®à¤¿à¤² à¤•à¤°à¥‡à¤‚à¥¤,à¤…à¤¬ à¤¶à¤¾à¤®à¤¿à¤² à¤¹à¥‹à¤‚,Epic Meaning,social_proof,Leaderboard,0
TPL_SEG_12_THE_LOW_FRICTION_RE_ENGAGEMENT_04,SEG_12,Inactive High-Propensity,inactive,11,The Low-Friction Re-engagement,Day X+,Trigger one micro-action with zero friction to re-establish presence in user's routine,Epic Meaning,Motivational,Tip: 10 min daily beats 2 hr weekly,Consistency builds fluency. One short session now keeps progress compounding.,Learn More,à¤Ÿà¤¿à¤ª: à¤¦à¥ˆà¤¨à¤¿à¤• 10 à¤®à¤¿à¤¨à¤Ÿ à¤•à¥€ à¤¤à¥à¤²à¤¨à¤¾ à¤®à¥‡à¤‚ 2 à¤˜à¤‚à¤Ÿà¥‡ à¤•à¥€ à¤¸à¤¾à¤ªà¥à¤¤à¤¾à¤¹à¤¿à¤• à¤…à¤­à¥à¤¯à¤¾à¤¸ à¤…à¤§à¤¿à¤• à¤ªà¥à¤°à¤­à¤¾à¤µà¥€ à¤¹à¥ˆ,à¤¨à¤¿à¤°à¤‚à¤¤à¤°à¤¤à¤¾ à¤­à¤¾à¤·à¤£ à¤•à¥€ à¤ªà¥à¤°à¤µà¥ƒà¤¤à¥à¤¤à¤¿ à¤¬à¤¨à¤¾à¤¤à¥€ à¤¹à¥ˆà¥¤ à¤à¤• à¤›à¥‹à¤Ÿà¥€ à¤¸à¥€ à¤¸à¥‡à¤¶à¤¨ à¤…à¤¬ à¤ªà¥à¤°à¤—à¤¤à¤¿ à¤•à¥‹ à¤œà¥‹à¤¡à¤¼à¤¤à¤¾ à¤¹à¥ˆà¥¤,à¤œà¤¾à¤¨à¤¨à¥‡ à¤•à¥‡ à¤²à¤¿à¤ à¤…à¤§à¤¿à¤•,Epic Meaning,insight_tip,Pronunciation Engine,0
TPL_SEG_12_THE_LOW_FRICTION_RE_ENGAGEMENT_05,SEG_12,Inactive High-Propensity,inactive,11,The Low-Friction Re-engagement,Day X+,Trigger one micro-action with zero friction to re-establish presence in user's routine,Epic Meaning,Motivational,Day 5 Challenge Unlocked,You're on a roll â€” tackle today's challenge to unlock your next badge.,Complete Now,à¤†à¤œ à¤•à¥€ à¤šà¥à¤¨à¥Œà¤¤à¥€ à¤¸à¥‡ à¤²à¥‰à¤• à¤¹à¥à¤†,à¤†à¤ªà¤•à¥€ à¤—à¤¤à¤¿ à¤®à¥‡à¤‚ à¤¹à¥ˆ â€” à¤†à¤œ à¤•à¥€ à¤šà¥à¤¨à¥Œà¤¤à¥€ à¤ªà¥‚à¤°à¤¾ à¤•à¤°à¥‡à¤‚ à¤…à¤ªà¤¨à¥‡ à¤…à¤—à¤²à¥‡ à¤¬à¥ˆà¤œ à¤•à¥‹ à¤²à¥‰à¤• à¤•à¤°à¥‡à¤‚à¥¤,à¤…à¤¬ à¤ªà¥‚à¤°à¤¾ à¤•à¤°à¥‡à¤‚,Epic Meaning,challenge,Streak Protection,0
TPL_SEG_13_THE_LOW_FRICTION_RE_ENGAGEMENT_01,SEG_13,Inactive Low-Propensity,inactive,11,The Low-Friction Re-engagement,Day X+,Trigger one micro-action with zero friction to re-establish presence in user's routine and maintain streak,Empowerment,Urgent (mild),Start Today's Session,Three minutes is all it takes. Open now and keep your streak alive.,Open Now,,,,Epic Meaning,direct_cta,Sia â€” AI Speaking Partner,0
TPL_SEG_13_THE_LOW_FRICTION_RE_ENGAGEMENT_02,SEG_13,Inactive Low-Propensity,inactive,11,The Low-Friction Re-engagement,Day X+,Trigger one micro-action with zero friction to re-establish presence in user's routine and maintain streak,Empowerment,Urgent (mild),Ready to beat yesterday?,Your last score was 72. Can you top it in 5 minutes today?,Start Now,,,,Empowerment,question_hook,Role-Based Scenarios,0
TPL_SEG_13_THE_LOW_FRICTION_RE_ENGAGEMENT_03,SEG_13,Inactive Low-Propensity,inactive,11,The Low-Friction Re-engagement,Day X+,Trigger one micro-action with zero friction to re-establish presence in user's routine and maintain streak,Empowerment,Urgent (mild),"1,400 learners practiced today",Don't fall behind â€” your peers are moving forward. Join them now.,Join Now,,,,Empowerment,social_proof,Leaderboard,0
TPL_SEG_13_THE_LOW_FRICTION_RE_ENGAGEMENT_04,SEG_13,Inactive Low-Propensity,inactive,11,The Low-Friction Re-engagement,Day X+,Trigger one micro-action with zero friction to re-establish presence in user's routine and maintain streak,Empowerment,Urgent (mild),Tip: 10 min daily beats 2 hr weekly,Consistency builds fluency. One short session now keeps progress compounding.,Start Now,,,,Empowerment,insight_tip,Pronunciation Engine,0
TPL_SEG_13_THE_LOW_FRICTION_RE_ENGAGEMENT_05,SEG_13,Inactive Low-Propensity,inactive,11,The Low-Friction Re-engagement,Day X+,Trigger one micro-action with zero friction to re-establish presence in user's routine and maintain streak,Empowerment,Urgent (mild),Day 5 Challenge Unlocked,You're on a roll â€” tackle today's challenge to unlock your next badge.,Start Now,,,,Empowerment,challenge,Streak System,0

